Company,Text,FinalLabel
Amazon,200219 #Logan Lerman# attends the PC of Amazon Prime Video's &quot;Hunters&quot;,Irrelevant
Facebook,新冠病毒扩散或让Netflix受益！ 据Variety，BMO资本市场分析师丹·萨蒙指出，新冠病毒全球扩散，如果消费者对此产生担忧而在呆在家中，Netflix无疑是最明显的受益者，这也反应在其股价本周大涨。 MKM Partners分析师C O’Hara指出，除了Netflix，脸书、亚马逊、Peloton和Slack也会明显受益。,Irrelevant
Amazon,#亚马逊再曝售辱华商品# 还记得去年8月被扒出在平台上售卖多款“gangdu”T恤吗？还没凉透呢！就在2月20日晚，多位网友曝出，亚马逊允许个别商家在其英文商城上公然兜售印有“新冠病毒中国制造（Coronavirus Made In China ）”字样的T恤衫、连帽衫、水杯等商品！本来对于病毒整个世界就是命运共同体，而 ... 全文,Negative
Facebook,#想见你# #想见你彩蛋接力赛# 柯佳嬿 许光汉 施柏宇 颜毓麟  无水印 图源施柏宇脸书  （派派你不知道柯姐胜负欲很强嘛 ）,Irrelevant
Amazon,看了那么多则举报口罩虚假销售问题，没想到我也能碰上。 作为亚马逊付费会员，我在1月24日在亚马逊中国海外购直营店（非第三方）购买一次性口罩，订单付费成功，系统告知2月11日到2月14日收货，出库当时为一周左右。 未想一直没有出库，亚马逊中国客服因为春节和疫情影响没有办公，我只能到微博上来寻 ... 全文,Negative
Amazon,了不起的麦瑟尔夫人超话 今日份赏画一则 (Cr.ins) 官博今日乱带节奏 好气愤 先是赞了一则Joel and Midge相关的推文 又是发推文与Mei和Joel相关(我很感激评论里好多好多teamJoel and Midge的哈哈) amazon prime video uk官方发言teamJoel emm……总之官方好久没冒泡 突然乱带节奏炒商业 ... 全文,Irrelevant
Facebook,脸书上推送了 5年前的今天 兑了宝可梦 补了梨泰院 剪了发 明天开始 #有信念地生活# Good Nite 苏州,Irrelevant
Apple,#苹果手机更新后安装失败# #苹果# 今天手机提示如果我不更新系统将无法打电话收发短信 然后我更新了 更新到13.3.1了 可是无法安装 关机后重启后还是这样  什么鬼？ 无锡,Very Negative
Apple,终于等到 #notability# 降价啦啦啦啦，apple pencil的笔尖套也下单了，开始上课,Irrelevant
Amazon,amazon的双语服务把我给整蒙了，那西语叭叭叭叭的，一个字都没听懂，我还以为我的英语突然当机了,Very Negative
Amazon,作为科技小白，我以前保存/备份照片的方法就是每次换手机的时候把旧手机收起来，然后就没有然后了. 现在用的手机里有很多小崽子的照片，很怕丢. 发现amazon prime benefit之一是unlimited cloud照片备份. 关键是好容易用啊，只要下载app，app会自动备份所有手机里的照片.,Positive
Facebook,#香港# 有网民在脸书群组撰文，投诉中环茶餐厅「四季常餐」的侍应给食客「二手冻柠茶」。不少网民看过投诉后，直指餐厅过份，扬言要罢食「四季常餐」。,Irrelevant
Facebook,2020/02/29 飢餓遊戲臉書 握到神明本人 孙协志超话,Irrelevant
Amazon,我累了……为啥子现在Amazon uk都登不上去……我特么就想找点新书资讯我太难了……,Negative
Microsoft,2020年全球最有价值的品牌分布 Top 10 Most Valuable Brands in the World in 2020 1. Amazon: $221B (Retail) 2. Google: $160B (Tech) 3. Apple: $141B (Tech) 4. Microsoft: $117B (Tech) 5. Samsung Group: $94B (Tech) 6. ICBC: $81B (Banking) 7. Facebook: $80B (Media) 8. Walmart: $78B (Ret ... 全文,Positive
Amazon,我真的很闲的宅生活。 早上九点多起床，早餐：炒鸡蛋，南瓜汤。 Amazon搜索半天，不知道看什么，看了哈利波特的第一部电影，租赁199日元：最近喜欢看罗赫CP。 午饭煮了一大锅海带汤，放了大量蒜泥，好吃?? 下午清理了空调，收拾了衣柜。 吃零食，看油管博主做饭，看着看着关灯睡了一个小时。 ... 全文,Irrelevant
Facebook,"Denis邓超话 Cr: Denis ins, fb 貼心蓮寶寫了英文在下方，因為現在臉書不能自動翻譯了(蓮寶重新編輯後變成...Nancy boy, ) 開心的蓮寶與可愛的狗狗 #自心# #denis邓#",Irrelevant
Amazon,#澳大利亚山火后遗症# 【航拍短片《苍穹之下》，也许看完你会更爱惜这个地球】亚马逊林火刚熄、澳大利亚山火又起，北极冰川加速融化、海洋珊瑚锐减、更多生物面临灭种威胁……过去一段时间，地球上生态危机此起彼伏，可我们只有一个地球，给大家推荐NASA的这部航拍短片《苍穹之下》，也许看完你会更爱惜 ... 全文,Irrelevant
Microsoft,??可能真的该换了 装个引擎一直提示我：丢失MSVCP140.dll 所有教程都是更新Microsoft Visual C++ 2015 Redistributable x86 而我这儿只有Microsoft Visual C++ 2012 Redistributable x86 那么问题来了，它是老了，还是坏了 现在只能重启了 不死心的新建了环境变量，超讨厌重启的,Irrelevant
Apple,苹果公司第一财季营收918.19亿美元，市场预估883.8亿美元。第一财季每股收益4.99美元，市场预估4.56美元。苹果股价盘后涨超2%。 当地时间1月28日 $苹果 AAPL$ 发布了2020财年第一财季业绩。报告显示，苹果公司第一财季净营收为918.19亿美元，比去年同期的843.10亿美元增长9%，创下纪录新高；净利润 ... 全文,Irrelevant
Microsoft,为森莫啊？microsoft rewards不能在大陆用 sad,Negative
Facebook,?? 2017年11月，美国堪萨斯大学剧场上演了一出VR版戏剧《犀牛》，剧本把尤涅斯库的荒诞派巨著与美国当下政府鼓吹的口号巧妙地结合，小公业务员贝兰吉整场扣着一顶”让美国再次伟大”的红色帽子，在生活中时不时插入当下流媒体的消息，尤其是游戏化的特朗普形象使用推特、脸书等媒介发表言论的情节， ... 全文,Irrelevant
Amazon,"There are only four places left on the planet with pristine, primary rainforest -- New Guinea, central Africa, part of the Brazilian Amazon and Guyana. When seeing this spectacular view, people tend to forget the outside civilization.",Irrelevant
Amazon,#气候变化# 亚马逊雨林是重要生态系统，又名“地球之肺”????它提供了全世界 20% 的氧气、15% 的海洋淡水以及 10% 的全球 #生物多样性# ，也是地球生物圈的主要动力。但众所周知，亚马逊正在迅速发生变化。自20世界60年代以来，大约20%的森林已消失殆尽。过去10年中，亚马逊地区遭遇了创纪录旱灾和洪 ... 全文,Irrelevant
Amazon,“起初，没有人在意这一场灾难，这不过是一场山火、一次旱灾、一个物种的灭绝、一座城市的消失，直到这场灾难和每个人息息相关。” 亚马逊大火、澳洲大火、美国流感、菲律宾火山爆发、新冠肺炎、加拿大暴雪、非洲蝗虫灾害、多地极端天气！,Irrelevant
Amazon,#权力的游戏盗播量超10亿# 《权力的游戏》又被外泄了！第2集原定于北京时间今早9时更新，但昨日就提早于德国Amazon平台外流，Amazon发言人事后确认，并指事件与平台故障有关，就此道歉，而上集亦于开播前外泄。据HBO高层透露，整个系列的盗播量已达10亿，成为影视史上盗播情况最严重的作品之一。 ... 全文,Negative
Apple,这边建议 #苹果# 尽快公布春季新品发布会的时间呢 上半年新机潮都开始预热起来了，大伙都期待着呢！ 就这个 #iphone9# 咋还没消息 @TimCook,Positive
Apple,为什么每年最香机型iPhone XR 而不是iPhone Xs而去年依然最香的机型是iPhone 11而不是iPhone11Pro呢，这是为什么 ？ #苹果#,Neutral
Apple,#IPhone 12# 被 #苹果# 官推泄密了？不容易，千年不变的大刘海终于在新一代 #iPhone# 抛弃了,Neutral
Amazon,跟同行交流得越多，就越觉得这个行业从无高低贵贱之分。 无论是做Amazon还是Wish，无论是铺货还是做精品，无论玩黑科技还是做精细化运营。 当你往一个方向做到极致的时候，都可以成为让我真心觉得很牛X的人。 到头来，最该被鄙视的，大概就是我这种什么都懂一点但又什么都不精的人吧。,Irrelevant
Apple,苹果专利设想了“手指设备”来控制AR和VR中的物体。苹果已经为装有传感器的小型“手指设备” 申请了专利，该传感器允许人们与AR或VR中的物体进行交互。该申请由美国专利商标局星期四发布。诸如力传感器，光学传感器和超声传感器之类的元件将用于“收集来自用户的手指输入”。然后，该输入可用于控制混 ... 全文,Irrelevant
Apple,2020年，华为、v/o、小米、苹果，中国手机版的冰与火之歌即将进入收官阶段。 苹果 在2019年内整体出货量下滑9.7%，但下降拉力完全来自于上半年。苹果通过降低起售价，产品命名调整，提升线上渠道比重，以及对多摄像头场景使用体验的深度优化，在2019下半年取得了同比5.1%的正增长，保证了苹果在华为持 ... 全文,Positive
Apple,OPPO 官宣 #OPPO Watch# 将于 3 月 6 日正式发布。根据此前曝光的消息，OPPO Watch 将会采用曲面柔性屏配合 3D 玻璃的设计。 小米Watch ：长得像我 Apple Watch ：都特么抄的我 @薛定谔的英短咕咕咕 @钟文泽 @大米评测 @石头搞机 @小白测评 @科技美学 #oppo watch# #Apple Watch#,Irrelevant
Apple,有推特用户曝光了全新13英寸MacBook Pro配置信息，该机将搭载Intel第十代 i7-1068NG7 Ice Lake 处理器，主频2.3GHz，可以睿频至4.1GHz；最高选配32GB RAM内存，2TB SSD硬盘。 #苹果#,Irrelevant
Apple,iPhone12再出猛料，让你失望了么？ 天风国际分析师郭明錤日前发布了一份关于iPhone 12 5G PA的分析报告，新的分析报告显示，每台支持5G网络的iPhone的PA用量将会下调到1个或者2个，远低于此前的6个，所以iPhone的5G PA供应商未来业务可能会低于预期。 在此前的分析中，天风国际认为iPhone 新增5G PA共 ... 全文,Negative
Amazon,"Organizations that educate the public about the Holocaust are calling on Amazon to stop selling Nazi propaganda. The company said it was listening, but defended its right to sell books “that some may find objectionable.”",Negative
Apple,#数码# #苹果# 外媒又在期待不可能发生的事儿了，做出带环绕屏苹果iPhone 12的渲染图，该机配备了360度透明屏幕技术，屏幕为“8K视网膜”面板。我感觉哈，依据苹果公司这几年的发展来看，苹果公司不会有这么激进的设计，2020版iPhone手机能去掉刘海，新增支持5G网络功能，就谢天谢地了。,Neutral
Facebook,好像是脸书上放了点花絮 JetLag壹小时的微博视频,Neutral
Apple,#攝影# #后期# #小甘超级喜欢# #南宁# #苹果# #iOS# iphoneSE   情怀·小钢炮！我的爱！ 南宁,Irrelevant
Facebook,我兔有大把历史教训，并且高瞻远瞩的水平比微博上的你我多得多了，事到如今，我就想问问有多少人觉得脸书推特还是禁了的好？,Irrelevant
Amazon,amazon很神奇地发货了，可惜现在又轮到邮局不给力了,Neutral
Apple,五年时间，只喜欢苹果设备 #苹果# 宜昌·秭归县,Positive
Microsoft,微软 Windows 10 全新图标（流畅设计）现已开始全面推送，请前往 Microsoft Store 获取更新 #微软# #电脑# #Windows 10#,Irrelevant
Microsoft,“Microsoft Excel+Word+PowerPoint现以Microsoft Office整合形式呈现”。 iPhone已经可以下载，安卓有试一下的吗？WPS:你在说什么？ 北京,Irrelevant
Amazon,亚马逊日本官网2.12配饰配件类最畅销1位,Irrelevant
Facebook,*必須記下:2020/2/29遇到一個阿米天使，只是跟她換了1版的團卡-&gt;號錫，聊了一下，竟然主動跟我要了其他三版的小卡幫我在臉書社團貼文換卡&amp;幫我接洽~~真的是完全第一次交談的阿米耶實在是人太好了QQ希望她可以換到想要的國國四版!!!!(集氣祈禱),Irrelevant
Apple,苹果CEO库克：中国官方从未要求苹果解锁用户手机，而美国要求了。苹果虽然回绝了FBI的要求，但是民主的美国为何会要求苹果解锁用户手机呢，这其中的问题是值得思考的。 华强北：50块解锁手机考虑下 #苹果#,Irrelevant
Amazon,#科比去世# 一张科比的照片挂入了美国国家肖像馆。据说挂进这里的的作品，首先要于美国社会有重大意义，其次才是作品质量和与人物精神的契合。挂出科比的展厅专门展出对肖像馆做出过重要捐赠的精英名流，包括亚马逊的贝索斯，Conde Nast的Anna Wintour，百事的Indra Nooyi等。科比的照片独占了一面墙， ... 全文,Irrelevant
Amazon,比特币超话 【区块链研究所发布有关区块链对金融影响的新书】 区块链研究所（Blockchain Research Institute）2月6日宣布，在加拿大和美国发布其新书《金融服务革命：区块链如何改变货币，市场和银行业务》。该书探讨了区块链对金融的影响，现已在Amazon Canada和Amazon US以及北美的精选书店上 ... 全文,Irrelevant
Facebook,#不一样的她# #冒个泡# 脸书就是个垃圾 广州·天河北,Irrelevant
Amazon,睡得正香呢被门铃吵醒 穿个睡衣急急忙忙下楼 电梯还坏了拿了个这么大的箱子爬楼梯上来 把手也给磕肿了 一个乐高引发的惨案 （amazon也太实诚了吧搞个这么大的箱子弄啥呢？？？,Neutral
Apple,#你的手机会爆炸吗# #苹果发布会# #苹果# 刚才我正在上网课 手机在旁边冲着电 突然手机就着起来了 待我跑出卧室再进去时 屏幕已经弹飞了 就剩下烧掉的电池和主板 真的蛮吓人的 告诫大家充电玩手机需谨慎！！！ 我是两年的苹果7p 电池容量80左右  还好今晚我没打游戏 还好我用的电脑上的网课才躲过一劫 ... 全文,Negative
Facebook,肖战这件事，已经偏离了最初举报的问题，你不思考为什么会举报是管用的，你不思考对于这种环境，我们要改变的到底是什么，80%所谓路人的状态是：我Ao3看不了了！我不敢批评砌墙人，我也找不到真正举报的人，啊，我好气啊！就拿肖战出气吧！ 可是你被墙的只有ao3吗？脸书，油管的时候呢？你那个时候没找 ... 全文,Negative
Apple,#放开我北鼻# 马天宇哥哥悉心照料apple， 烤串派对快要结束 萌娃那点事儿的微博视频,Irrelevant
Amazon,这次新冠疫情，给很多产品，很多行业都有影响，但对于做个护卫生防护的行业，真的是史前利好。 做亚马逊也是如此，运营是点，产品是线，行业发展是面，时代趋势是体。低纬再厉害，在高纬面前也是摧枯拉朽，延伸到其他事物也一样。普通人勤恳努力，斤斤计较，也只是一个点，想成为中产，必须要靠线性周 ... 全文,Irrelevant
Apple,如何卸载iPhone应用并保留数据 iPhone超话 #苹果# #2020新年快乐# 汕头 小林爱疯的微博视频,Neutral
Microsoft,喜提WPS海外版VIP会员一枚，谢谢高人给吐槽君的支持！让吐槽君面对甲方爸爸无压力！ | 最近是不是疫情过后太闲了，吐槽君伺候的甲方爸爸，还有身边一些同行、朋友们的公司，好多都收到通知，从microsoft office 转到 wps使用。(╯°□°）╯︵ ┻━... | 阅读全文: 网页链接,Negative
Apple,#苹果# 北京时间2月26日消息，近日知名调研机构Omdia发布了一份名为《智能手机型号市场跟踪》的调研报告。报告中指出，苹果旗下的iPhone XR占据了整个智能手机市场的半壁江山，去年一年就卖出了4630万台。 这个调查可信，这款手机实至名归。 1996年以来，我前后用了16台手机，诺基亚用了5台，苹果也用 ... 全文,Irrelevant
Amazon,"Day -27 这本书想看很久了，但拖延症大家都懂的。 只是本来以为Kindle Unlimited可以借到免费版本，没想到最后要花25元才买到。 要么就是我记错，要么就是Amazon趁机把他抽出Unlimited。 而且百年孤独也要付费，well, next time maybe 广州",Negative
Microsoft,//微软确认Xbox Series X将向后兼容四代Xbox游戏 - Microsoft XBOX - cnBeta.COM 网页链接,Irrelevant
Amazon,在Amazon上晃悠了两个小时，花了一千多块钱买了些喜欢的日用品 ，我喜欢这种海外购模式，这也是我找到的最省钱的方式，如有更好的选择，您可告诉我,Positive
Facebook,2020/02/16 協志臉書截圖 5456=我是56 孙协志超话,Neutral
Amazon,#火神山无接触收银超市# 有点类似之前看到过的amazon go 当时感叹科技的发达 没想到这么快我的大????也运用上了,Positive
Microsoft,Microsoft’s John Thompson and VMware’s Sanjay Poonen share a similar view of the security landscape 网页链接,Irrelevant
Facebook,#Saint 可爱# 丨 #泰剧缘来誓你# 20200221 WhyRUtheseries 脸书更新 是兔叽,Neutral
Apple,#数码# #苹果# 怎样区自己的苹果手机是好是坏我来教你，进来学学吧 科技万事通的微博视频,Neutral
Amazon,#BusinessCars# Amazon 就一直在研究自动驾驶汽车的应用，并测试了自动飞行无人机机队以运送包裹。 亚马逊希望将此类汽车整合至一个无需人工操作的从仓库到家门口的送货系统。亚马逊公布了一项专利，该公司的发明家 Hilliard Bruce Siegel 和 Ethan Evans 描述了一个系统，该系统包含地面自动驾驶汽车 ... 全文,Positive
Facebook,今天， 我是一名「 派派派 」義工！ 剛剛回到家了。 #可到臉書看直播 #只能出一分綿力 #看到別人開心時 #施比受更為有福,Irrelevant
Apple,苹果CEO蒂姆库克宣布公司将向相关组织捐款，帮助受冠状病毒影响的人群，好样的苹果？ #苹果# #苹果手机#,Very Positive
Apple,这种没有了解机制就无脑黑？哪部国产手机不是这样？懂不懂机制？ #苹果# #华为#,Irrelevant
Apple,??【景点攻略】 #小狮探店# ??详细地址：杭州市江干区富春路701号。 ??交通攻略：万象城这边乘坐地铁2号线到达钱江路。 ??开放时间：周一到周五五早上10点到晚上9:30周六，周日是早上10点到晚上10:00。 ??亮点特色：这家门店的话属于 #苹果# 系列的零售店，基础的设施和服务都比较完善，在这边 ... 全文,Irrelevant
Apple,宅在家里能干啥系列， 第7天， 插一瓶鲜花，享受大自然的美好 @李五点zka @大元huahuahua @张兜兜是神经病 @桃花潭边汪小伦 @企鹅妈妈Alice @陈墨Cink #企鹅妈妈商业插画课# #procreate# 绘画工具：procreate+apple pencil,Irrelevant
Apple,iPhone 11 Pro Max获得了117分的成绩，目前排名第五，iPhone 11会是多少呢 #数码# #苹果#,Irrelevant
Facebook,林俊杰超话 林距离超话 视频来源：林俊杰脸书 的林俊杰管理小号 给大家说件事 其实202001直播那天他开错号了，看视频和评论里的图。 我就问你 他憨不憨 林家小兔三岁的微博视频,Irrelevant
Facebook,#周子瑜# 被林更新怼的那个？到今天我还记得那不情不愿读稿的样子和脸书大战呢。被骂上热搜了然后说中国也捐了？汇率问题？当我们傻子啊？,Irrelevant
Facebook,“我们为什么要看很好很好很好的电影，和一般电影不同的是，它会带我们找到平常不会现身的自己。很好很好的导演，不会只以表面的自己来跟观众聊天，他会要求对话的一方也要往更深，或少有接触的自己走去。”刚刷到了Edward Lam更新的脸书，假期对于我就是又疯狂又可以慢慢补电影的时期。（以前看电影都 ... 全文,Neutral
Apple,推特註冊 #推特# #Twitter 更新# #安卓# #蘋果# #手机# 5分鐘搞好?? 要提供電話號碼 10??,Irrelevant
Apple,感觉我买了个爹  自己都不睡电热毯的 #苹果# iPad超话 杭州,Irrelevant
Microsoft,比尔盖茨：新冠肺炎百年一遇 Microsoft founder Bill Gates called the coronavirus a &quot;once-in-a-century pandemic&quot; and urged leaders to both &quot;solve the immediate problem and keep it from happening again&quot; in an op-ed for the New England Journal of Medicine,Irrelevant
Microsoft,作为一个在windows电脑方面有着10年经验的业余玩家，以及对全球绝大部分安全杀毒软件有着还算不错的认知，竟然不知道什么时候被 @金山毒霸 的 #毒霸网址大全# 这一无耻的行为给击败了——劫持了我所有的浏览器主页（浏览器：Chrome、Firefox、Microsoft Edge 、Internet Explorer），并且无法重新设定。 ... 全文,Irrelevant
Microsoft,万能的微博 有谁知道联想笔记本自带的microsoft edge总是出现这个是怎么回事吗  怎么能让他再次显示经典页面啊??  ps经典页面显示不出来但是点添加页面还能用 在百度搜索半天 结果还是搞不了 球球大神帮帮我????,Irrelevant
Amazon,怕什么来什么 只能说亚马逊钱多任性,Negative
Amazon,我没口罩了。。。一念之差那天没跟他们挤着抢，就再也买不到了。。。看了看amazon突然觉得国内口罩价格也不是特别过分了，日本这边翻十倍的都有，还是人吗。。。我咋办啊。。。难道真的要买吗平均下来200日元一个也太贵了。。。好恶心啊。。。,Irrelevant
Apple,富贵论坛超话 为何苹果、三星没有“高刷新率”，这是在收智商税吗？ 随着智能手机的竞争越来越激烈，手机厂商们也是花样迭出，年年都有新花样。这不，最近高刷新率被炒得火热，似乎没有高刷新率，就不是一块好屏幕一样。 而从现在的形势来看，至少在国产机中，高刷新率一定是2020年各大厂商们一个 ... 全文,Irrelevant
Apple,iPhone超话 #苹果# 苹果手机用久了卡顿？教你一招告别卡顿 汕头 小林爱疯的微博视频,Negative
Amazon,amazon上的口罩已经变成68.99一盒了 walmart的订单被取消了 扫货的人怎么想的我c你全家 国内是需要但是病已经传到国外了难道本地人不需要么 疯了吧国外的人就不是命了,Irrelevant
Apple,最近苹果在最新的Safari Technology Preview 99中移除了对Adobe Flash的所有支持 记得在2017年7月，Adobe就宣布了终止Flash浏览器插件的计划。也表示称会在2020年底停止该软件的开发与发布。也就是在下一个版本用户将不可以在Safari浏览器中安装或使用Flash。不过根据官方的描述因大多数主流的浏览器已 ... 全文,Irrelevant
Facebook,午餐和Lina一起吃她們家鄉味的泡乾麵。這時間才發覺，對齁 今天是四年一次的2月29日，在微博也補個已在臉書貼文的生活日常。 台湾·高雄市,Irrelevant
Amazon,我特别喜欢我和P之间的关系，跟情商高的人呆一起太舒服了，从来没有过这么和谐的异性朋友关系。昨天P问我hru，我说我有kindle好开心啊，他说太好了！你想要我给你我的书单吗？blahblah讨论了一番之后，他告诉我一个人hack说不用amazon上买也可以，让我以后想看什么书都跟他讲他可以帮我转换模式再发给 ... 全文,Irrelevant
Amazon,Amazon problem: too big too fast 美国·西雅图,Negative
Facebook,以后会有人问ao3是什么？IG是什么？推特是什么？汤不热是什么？油管是什么？脸书是什么？直到最后没有人问了！因为墙里的人根本不知道有这些东西,Negative
Facebook,mewgulf超话 亲爱的集美们，怎么才能成功注册脸书跟ins 注册后隔天就说被停用了 咋回事捏？,Irrelevant
Amazon,据《卫报》和其他媒体获得的一份内部备忘录显示，亚马逊公司在西雅图的一名员工被检测出感染了新冠病毒。这名员工在Brazil大楼工作，距离Amazon Spheres球状温室只有几个街区。2月25日，他感觉不适后回家了。,Irrelevant
Apple,原装苹果充电器，突然起火导致短路跳闸，辣鸡苹果 #苹果# #手机# #苹果手机# #iOS# 西安,Very Negative
Microsoft,Microsoft SQL今天的噩梦，谢谢 还好可以听??新歌！！！不然我可能会si,Neutral
Facebook,本來我想讓228平靜的過去。沒想到臉書又看到有人在作妖了。本來應該是縫合傷口的節日，偏偏每年都要來撕裂一次。這個人列出所謂台灣「菁英」斷層，事實上3年後拋家棄子跟隨政府來台的外省知識份子，有哪個不是更優秀？影響到現在還沒消失？動盪時代很多事情都說不清的，解密真相並做出反省是一個政府負 ... 全文,Irrelevant
Amazon,等两星期以后amazon账户又被锁了，跑去实体店买了，结果还没紫色，2020年气死了气死了气死我得了,Negative
Facebook,2020/03/02飢餓遊戲臉書截圖 5%大帝顯神威?? 孙协志超话,Irrelevant
Facebook,#阿尔加夫杯# 瑞典官推：有可能会在官方油管账号上直播瑞典队的比赛；丹麦官推：将会在官方推特&amp;脸书上直播丹麦队的比赛；挪威官推：公布了挪威国内赛事转播的平台 ；德国官推表示他们没有拿到电视转播权。 @Vin8Cent @挪威女足 @eheheheenenheheZCTW @玖贰壹贰贰叁 @米德玛资讯站,Irrelevant
Facebook,东森新闻脸书标题： 只要是华人都会被认为是大陆人吗？ 大陆人一词，一直在台湾是台独政权反中人士的标有名词，现在台独问你是哪里人，是大陆人吗？ 是的，我是大陆人。 他娘的，就联想到武汉新冠状病毒。矮唷，有病毒吗？ 其带有讽刺及鄙视的名词，而且越演越咧。,Irrelevant
Microsoft,联想超话 我想问一下 X1 Carbon 2016平板模式怎么用 outlook也不会 Microsoft账户也摆弄不明白,Neutral
Amazon,仙女驾临余佳毅超话 特此声明 为了紧急配合中国和美国防疫工作，仙女驾临余佳毅应援会启动紧急公益应援，在amazon.com N95口罩大面积缺货之前，已经为仙女购买两个月份量的N95口罩。 佩戴医用外科口罩，可有效预防病毒传播，让我们和仙女一起早日打赢这场不见硝烟的战争！ 余佳毅应援会,Irrelevant
Facebook,我春假的时候跟老萨说我的读碟器只能读DVD，他屁颠屁颠去借了电影碟片，拿回来一看，蓝光的。今天无意在脸书上看到他跟人写生日祝福，末了加上一句，你的读碟器能读blue-ray吗？,Irrelevant
Amazon,我又被逗笑了，amazon上买的东西到了打开出来一个中文说明书 再一次感受到全世界都是made in china我出来干什么！,Neutral
Facebook,真的有人觉得闹一闹有用么？ 脸书和INS还有snapchat被锁的时候没人闹过么？ 你以为11年到14年是万众一心地封强么？ 11年我暑假回国还能做一做作业到了13年基本什么都做不了了 到现在一步步走下去都是迟早的事 按照这个发展下去总有一天强内人不可在强外说话 你能做什么？ 你不过是根韭菜罢了 你 ... 全文,Negative
Facebook,前面的推特脸书 我不清楚 只知道从开始我网上冲浪 没fq就上不了 bbc 华盛顿邮报可是我眼瞅着就没了 维基百科也是 前一天晚上还正搜着东西 转天打开就不见了,Irrelevant
Amazon,说话有条理自信大方的女孩子就很吸引我! 加上北美名校光环 有颜有品味还会读书还能顺便做时博 优秀的女孩子是人间宝藏啊 每次看到都会觉得变得更好是人生最大的意义之一 然后看到朋友圈里在Amazon工作的 刚入职Facebook的 上财经节目的.. 都有个白色小人在脑子里敲我：“不能得过且过哦 给我努力一点 ... 全文,Irrelevant
Amazon,ArianaGrande超话 亞莉安安女士又被know了 A妹在亚马逊Prime会员日的表演现场出现在国产电视剧”安家”中 为了电视剧的正常拍摄 不被高音影响 所以在电视上被”静音”,Irrelevant
Microsoft,受疫情影响，官方宣布GDC 2020活动将从原先计划的3月16日-20日推迟至今年夏季举办，此前已有多家公司出于同一理由而退出活动，包括索尼、Facebook、小岛工作室、Epic Games、Unity以及Microsoft。,Irrelevant
Amazon,#西雅图生活# 联邦竞选委员会公布截至去年底的数字：Amazon员工捐Sanders的人数最多，捐给Yang的钱数最多，贝佐斯压根儿没捐；Microsoft员工捐给Yang人数钱数都第一，Sanders第二，盖茨两口捐给了Booker；西雅图Seahawks橄榄球队教练也捐给了Booker；女足球星Rapinoe捐给了Harris；波音员工多捐川P，是 ... 全文,Irrelevant
Apple,发布了头条文章：《新手小白怎么如何选择笔记本电脑？》 #笔记本电脑# #戴尔# #华为# #联想# #苹果# 新手小白怎么如何选择笔记本电脑？,Irrelevant
Apple,这一刻！苹果不得不低头！库克最担心的事还是发生了！独断多年的配件，终于砸了自己的脚！就在近日，欧洲以582票比40票的压倒性优势战胜苹果，统一手机包括平板电脑的充电接口标准，必须采用Type C。这意味着苹果要和现在的安卓一样，保持一样的充电接口，否则将无法在欧洲销售。还记得前段时间大战 ... 全文,Negative
Microsoft,今天开始用Microsoft To Do记录工作内容，试了下，多机同步的速度是相当快的。,Irrelevant
Amazon,遇到了网购里很尴尬的一件事 买的椅子有问题 装呢椅子背安不上 拆呢椅子底座拆不开 我只能退货 但是因为安不上也拆不了 一个椅子我只能分两个包裹装 结果UPS的人上门pick up跟我说不行这样收不了 打电话跟amazon客服扯皮了半个小时 最后客服帮我特事特办说直接给你退款 东西你不用送回来了 ... 全文,Negative
Microsoft,电脑恢复出厂设置，登录账号忘了，microsoft账号也登不上去。简直要疯了，等着明天打客服，简直服了自己。,Negative
Facebook,早安，美好的一天就用辰之的腹肌說早安。 昨晚《四代目·大和辰之》 スカーレット??ベリ子老師於台北安利美特簽繪立板，想看更多老師的簽名會花絮紀錄，請追蹤東立臉書粉絲團喔！ 北大夏的微博视频,Irrelevant
Facebook,#脸书禁发国难财防疫产品广告全部封锁# #全球新冠肺炎播报# 脸书禁发国难财！“防疫产品”广告全面封锁。关键字曝光！ 脸书（Facebook Inc）今天（27日）表示，在2019新型冠状病毒疫情爆发期间，他们将禁止所有声称能治疗或预防疫情的产品广告。 路透社报导，社交群媒体巨擘的脸书今天做这项宣布，时 ... 全文,Irrelevant
Apple,怎么设置才能让你的苹果手机拍摄视频更高清？ iPhone超话 #苹果# #iPhone11pro# 手机超话 小林爱疯的微博视频,Irrelevant
Apple,#苹果# 刚回家便秘，吃了两个凉苹果好了 今天好好的，吃了一个苹果，就跑厕所三趟 明天不吃了,Irrelevant
Amazon,后悔没从国内带一点来 Amazon简直是抢劫,Very Negative
Amazon,ORBIS的Mr系列中，卖的最好的是男士化妆水，在去年10月更是拿下了Amazon的“多合一（all in one）化妆水”的第一名，谁能想到，居然是一款男士护肤品拿下了这个第一名呢 。 各位小仙女们帮男朋友挑选护肤品的时候可以不用紧盯着资生堂了，现在有新的选择了 。,Irrelevant
Microsoft,Microsoft 的word doc 居然有听写功能！??,Irrelevant
Facebook,20200225第一千零五十九次打卡 @许魏洲ZZ 雜誌《男士健康Men's Health 二月刊》內頁釋出 緬甸雜誌《POSH》臉書更新釋出封面及封底並加贈單人海報,Irrelevant
Apple,#苹果# 手机销量落后华为一大截，但利润为啥远超华为？ 科技汪星人的微博视频,Neutral
Apple,#苹果# #iPhone# 11和xr那个比较适合阿，爱拍照 不玩游戏。,Irrelevant
Apple,大自然这次说话了（冯小刚配音） 苹果公司广告人Lee Clow为CONSERVATION INTERNATIONAL （保护国际基金会）操刀创作的公益记录片——《NATURE IS SPEAKING》里说的那样“大自然不需要人类，可人类，需要大自然。” #苹果# #创意# 不透明编辑部的微博视频,Irrelevant
Microsoft,必须要吹爆一下microsoft!电脑老是充电接触不良就寄走修了，结果他竟然直接给了我一个新的耶……而且只花了2天时间，感动,Irrelevant
Apple,#插画# 插画头像30天打卡????No.25 绘画工具 | iPad Pro + Apple pencil 绘画软件 | procreate 画的一对小情侣～ 女生从人大去美国UD交换的时候认识的 还有两只可爱的小猫咪！ *约稿禁止私用 绿洲,Irrelevant
Microsoft,"Vatican joins IBM, Microsoft to call for facial recognition regulation 梵蒂冈联合IBM和微软呼吁人脸识别应该得到监管",Neutral
Amazon,亚马逊科幻惊悚片《浩瀚的夜晚》发布最新预告！ 一场关于UFO的未解之谜。故事讲述1950年代末期在美国的一个偏远小镇上，有一天电台突然接收到奇怪的讯号，同时天空也出现了奇怪的光束……到底这一切是何由？这个偏远小镇过去的秘密就此揭开…… 人人视频的微博视频,Neutral
Apple,亲爱的Apple，能不能不要趁我睡觉的时候更新系统了，本古早iPhone撑不住了，还想坚持用完大学四年呢,Negative
Facebook,几乎一模一样的想法，但是我甚至不知道在哪里表达。朋友圈，危险，谁知道有没有无意间加到喜欢举报的人忘了屏蔽；微博，怕了小将们秋后算账；脸书，上面没几个人可以理解我们的苦闷。前几天同学甚至提都没遇到新冠，还在关心美国大选。如果英语加密，又成了在给一个已经充满认同的极小圈子看。,Irrelevant
Apple,#苹果# 苹果将推支持5G网络iPad，或今年下半年亮相 据悉，苹果今年下半年除了要发布5G版iPhone手机外，还会一同推出支持5G网络的iPad。分析师郭明錤的报告指出，苹果公司将在2020年上半年更新苹果iPad Pro，5G机型可能会在今年晚些时候首次亮相。5G网络的iPad Pro，将会支持毫米波，日月光半导体公 ... 全文,Positive
Facebook,华晨宇超话 ?? 投票告急急急急急急!今天晚上24:00就截止了。 不要只投了一个hao就不投了，看看下图，你漏了哪个，千万不能浪费啊（有哪个不清楚的可以私我）（海外党的也有脸书等多种登录方式的，你们下载来看看） 如果都投完了，又弄不到新hao的火，希望可以帮忙转发和顶顶超 ... 全文,Irrelevant
Amazon,LadyGaga超话 想问下在Amazon美区买可吗？,Irrelevant
Microsoft,"在这些机场中，已经通过高分辨率的必应地图扫描（加上高级的Microsoft Azure生成）手动编辑了37,000个，以增加真实感。世界上最具标志性的80个...　来自 @IT之家 ，详细点击 《微软飞行模拟器 2020 》游戏将重现地球上每一个机场",Neutral
Microsoft,"Updated Microsoft Edge will protect you from malware, cyrpto miners and more 网页链接",Irrelevant
Apple,越接近 Apple Watch ，越好看。 等6号看看到底怎么样。,Positive
Apple,苹果三文鱼  绘食小筑超话 没去过米其林三星的餐厅?不要紧，其实你在家里都可以享受米其林三星的菜肴，前提是你得自己动手。不会做？不要紧，有人教你!今天的老师是法国米其林三星名厨Raymond Blanc。等你跟着老师学会了，你就能在自己的家里享受你的米其林三星。本来可以跟大家谈更多的体会的 ... 全文,Irrelevant
Facebook,余文乐这个港独又来骗大家了，有本事先开除设计师，在在推特，脸书一同道歉,Irrelevant
Amazon,puristgroup超话 Sean哥ig更新 是Sean好兄弟的电影上映啦 名字叫《shadow wolves 》可以在Amazon prime video观看呢 可以去看看哈哈主要太无聊了,Irrelevant
Apple,#苹果# 欧盟下决心统一手机充电口，苹果强烈反对未被理睬，断苹果财路了？ 科技君的眼镜的微博视频,Irrelevant
Apple,Apple超话 电脑复制，手机直接粘贴，电脑屏幕不够用顺便投屏到平板上??全家桶真香了,Irrelevant
Facebook,#孙杨遭禁赛8年# 想要当霍顿的舔狗，麻烦去脸书、推特上面舔，在微博上舔得再厉害，霍顿也瞅不见。 还有所谓的“路人、明白人”不要随便扯着宁泽涛的旗子出来diss孙杨，麻烦做个人，明明是自己内心丑恶，在网络上随意宣泄自己的恶意却还要拉扯上宁泽涛，这种行为和古代的山匪有什么区别？古代的山 ... 全文,Irrelevant
Amazon,香蕉夫妇超话 转自网友：普通网友能为G做什么 地球上有70+亿人口，有超过70%的网民，甚至更多。每一个网民的力量真的微乎其微，就像亚马逊雨林的??。所以我们也可以学美丽的蝴蝶，齐力鼓动我们正义善良的翅膀，为守护G具体做点什么： 1????理性积极正面地抵制浙江卫视，花少，追我吧节目集体主 ... 全文,Irrelevant
Microsoft,Microsoft 微软 Surface Pro 7笔记本电脑音质测评报告  Soomal Microsoft 微软 Surface Pro 7笔记本电脑音质测评报告 Soomal 上海蓝盟IT外包， 网页链接,Irrelevant
Apple,#Diary of Landy# #苹果# 面试完成，约好晚上陪我妈去逛街的诺言也遵守了，回来搞了个冰淇淋可太好吃了，晚上又在心心念念到底要不要买个Mac book，设备联动似乎很方便哦，（尽管我的iPad也有一定年纪了），不得不感叹现在产品更新换代太快了，高价入手的电子产品还没怎么用起来慢慢就被淘汰了，所以充 ... 全文,Positive
Microsoft,今天Tina @Noodle_Nana 代表部門在18樓做月份報告，她講完後我們部門6樓的辦公室同事都在鼓掌????，而且還在群組裡猛誇，老闆也親自在Microsoft meeting裡親自誇，同事們也太sweet了 好開心喔，從去年9月refer Tina進公司今天她都可以獨當一面了，我和小夫可以少操點心了,Irrelevant
Amazon,最后一个快递 搬家两星期，收了亚马逊和 Nitori 的一万个快递，邮局和佐川的送货老大爷还有亚马逊自营的小姐姐都特么认识我了,Irrelevant
Apple,??西湖Apple Store零售店 #杭州# #苹果# 杭州·Apple(西湖店),Neutral
Amazon,"The examples of virtual Vineyards,Amazon.com,and other pioneers show that a web site selling the right kind of products with the right mix of interactivity,hospitality,and security will attract online costumers.",Positive
Microsoft,看到说基于Chromium的Microsoft Edge好用，打算删掉火狐了，然后下载用了不到半小时，放弃了。,Irrelevant
Amazon,啊_(:_」∠)_ 回头想一下ちはやふる的真人电影真的太好了 选角都特别合适 流程忠于原作又适当改动 三四十卷的内容放进电影三部曲正合适 啊amazon prime什么时候能免费看啊 还想再看几遍(??-ω-`),Neutral
Amazon,亚马逊河丛林里，科学家们在小飞机上偷拍原始部落，被发现后遭到了部落人的弓箭攻击。。。。。。。,Irrelevant
Apple,#订阅# #苹果# 亲们注意，苹果的订阅扣费不会提前提醒，到期直接扣！ 很多付费软件，会默认“自动续期订阅”。要么首次订阅时不选择“自动订阅”，要么及时去apple store后台确认并取消订阅！以免花冤枉钱！ PS：这个是扫描全能王的付费版，自己感觉没啥用，免费版的功能够用了。跟苹果申诉退费，没有 ... 全文,Positive
Amazon,煽情完了 睡觉睡觉 各位早起的豆萁 iTunes和Amazon继续接力买买买??买买买吧！,Irrelevant
Facebook,脸书的首席运营官雪莉尔·桑德伯格要第三次结婚了。她学业事业真是一路开挂，平步青云，但她93年左右第一次离异，二婚后2015年又丧偶。好奇看了下她的生日，八字前三柱是己酉 壬申 乙亥。跟王菲的前三柱只差了一个字，王菲是乙卯日。,Irrelevant
Facebook,开学第一天，我的同学们隔着视频：“我在脸书上看到你们的事情了....” 我能咋滴,Irrelevant
Amazon,#鹦鹉究竟有多能唠嗑# 库存 宠物店高冷亚马逊 以后家里要是可以养很多鹦鹉就好了 最近超迷横斑和月轮 啊啊啊啊啊唯咂的微博视频,Irrelevant
Apple,读惯了Apple Watch，这个 #OPPO Watch# 读起来比HUAWEI Watch、MI Watch顺口多了 OPPO给这么小一块屏幕用了柔性屏，并且有着非常大的弧度，不知道是作何考虑，对于体验会加分吗？ 另外系统方面，并没有直接用WearOS，而是基于Android内核重新设计了，功能形式不知道会不会有所突破。这次会和 ... 全文,Irrelevant
Amazon,我发现我真的没有什么热点神经 昨天去了第一天开业的amazon go 第一家真正的无人超市grocery store 不是已经好几家的便利店哦 是真的超市 不用结账拿起来可以直接走的那种 而我除了买了点东西 开开心心的拿了两包试吃爆米花 惊喜比价qfc发现一些便宜货之外 别说录个视频了发个什么社交平台了 连instgra ... 全文,Positive
Facebook,看到国内这些信息，再看看法国人还不停强调不需要戴口罩，还在脸书上嘲笑戴口罩的人，我真是生气。,Irrelevant
Amazon,香緹卡推出的2020春季彩妝再次與慈善結合，這次以亞馬遜雨林為靈感，推出一系列「飛行寶石限定彩妝」，感受亞馬遜雨林持續受到漫天大火、盜獵與濫伐砍伐的威脅，決定攜手亞馬遜保護組織ACT(Amazon 网页链接,Irrelevant
Facebook,感谢新加坡民众的肯定与欢迎，晓斋应新传媒邀求將开健康系列《吃出健康自愈力》直播专栏，针对当下疫情续上期継续讲解免疫，海外請脸书收视。 新加坡 王晓斋的微博视频,Irrelevant
Facebook,zoning的话题欧还是很感兴趣的。岩田录的油管一出来，高山就在脸书上进行了反驳。看过后。个人同意高山的更多。。。这个世界什么时候都是不缺评论家。。。貌似两个人以前共过事。。。难道有私仇？ 301 Moved Permanently,Irrelevant
Microsoft,microsoft office就这样对待iPad的？ @少华有态度,Neutral
Amazon,2.10 ①醒来看到男的分享杰克奥特曼，就此面具在日常生活中的视线问题作出探讨 ②拜托男的在ins上找到了Jason Polan，男的在Amazon上下单了我想要的书！ ③早餐吃的挺晚，午饭用手抓饼凑合一下！ ④打了一杯蓝莓养乐多，开始背单词...... ⑤指挥男的给旧金山博物馆发短信，云游览，还蛮开心的!(主要是 ... 全文,Irrelevant
Facebook,#台湾新增5例确诊病例# 我很希望这个疫情在台湾大爆发，让他们感受下，“我们这里不封城哦，不像你们中国” 我在脸书上要被台湾人气死了，说武汉肺炎，实验室漏出来的病毒，我隔着屏幕都想去打人,Irrelevant
Facebook,臉書上面的年輕人仍然曬的是吃吃喝喝 #口罩# 到現在還是很多人相信儲存場所的不需要戴口罩嗎？真的相信就不會去排隊了，反正就是缺貨缺貨缺貨 #口罩# #疫情期间让你明白了什么# 一切看命運吧 台湾·台北,Irrelevant
Apple,zz 苹果目标成为闭环制造商：未来所需材料均由Daisy拆解获得 &quot;为了能够实现闭环（closed-loop）制造商这个艰巨目标，苹果正在努力改善回收机制，以便于在未来不需要挖掘新的矿藏材料。&quot; &quot;所谓的闭环制造商，就是可以完全消除会矿藏资源的需求。而在追求闭环的过程中，回收机器人Daisy将扮演非常重要的 ... 全文,Irrelevant
Apple,苹果手机的iCloud存储空间服务吃相也太恶心了吧！我不想要续费50GB的存储空间，想要降级，说好的随时取消存储空间方案，结果降级根本点不了完成？所以只能一直自动续费咯？ @苹果iPhone中文网 @中国消费者协会 @消费者报道 @CCTV315 #苹果# #iCloud#,Irrelevant
Amazon,之前到底是什么给了我ems很靠谱的错觉 日本发来的快递给我寄丢 ok亚马逊赔钱了就算了 但是特快ems寄英国结果8天了还卡在广州呢,Irrelevant
Amazon,#动物森友会# 《集合啦！动物森友会》的日本 Amazon 特典是饭盒！,Irrelevant
Microsoft,Microsoft Office今天正式上架iOS端，这一次将Word、Excel、Powerpoint合并在一起，一个应用解决全部。,Positive
Facebook,王世坚的脸书特别为近日造他谣的言论辟谣，宣称要告网友，结果评论下面又被洗版了,Irrelevant
Microsoft,最近 @Excel培训师 研制出一种新的让图表自动动起来的方法，一句VBA都不写，而是借助Excel新推出的DataSteamer插件。首先在文件-选项-加载项-com加载项中勾选Microsoft Data Streamer for Excel。,Irrelevant
Microsoft,有 #Microsoft Office# 要啥wps和扫描王啊，可我还一直以为ISO不能用 微软超话 、好笨啊,Irrelevant
Facebook,看阿信最近脸书po的乐高 想起来柜子里还有一个别人送的哆啦A梦 心血来潮玩一下 可是一不小心把胡子拼成了蓝色,Irrelevant
Apple,近日，有网友曝出一张iphone13的图！单从屏幕效果来看，这张全面屏堪称完美，正面没有任何挖孔，猜测搭配了屏下摄像头和屏下指纹。如果此图为真，那么苹果将再次惊艳世界！ 要知道，当前无论是国际还是国内厂商，为了实现体验更好的全面屏效果，从刘海屏，到水滴屏，再到挖孔屏，可谓煞费苦心，但是这 ... 全文,Very Positive
Apple,原来Siri是酱紫笑的?? #苹果# #调戏siri# 大蕾蕾哒哒的微博视频,Irrelevant
Amazon,"特朗普退出巴黎气候协议，他说气候变暖就是一个hoax（骗局），他说风力发电没有用，国家补贴太多了…… Bezos是amazon和Washington Post的老板,世界最富裕的人。Amazon员工之前就气候问题质疑过自己的公司，闹得沸沸扬扬，还被威胁闭嘴，面临开除……而一个月后，老板Bezos 居然同意捐出$10bn解决气候 ... 全文",Negative
Apple,苹果在介绍页面中这样解释这一功能：「遗失的设备未连接Wi-Fi或蜂窝网络时，也可以使用来自人群的位置信息进行定位。当你将设备标记为遗失，且附近有另一位Apple用户的设备，其他设备可以检测到遗失设备的蓝牙信号并向你报告设备位置。」 也就是说当iphone处于开机状态时会嗅探附近的蓝牙特征码， ... 全文,Irrelevant
Apple,王妃 #索尼# #三星# #苹果# 今年换的设备有点儿多，希望工资扛得住，还好不用租房 这一波儿结束就得攒钱办大事了[加油][加油][加油]。。。 太原,Irrelevant
Microsoft,WPS好流氓啊...... 下载了以后所有打开方式都默认它了 我的Microsoft很香的好吗！！！ 要不是看老师的文件不方便... 完了我的vc也运行不了了 我哭死X﹏X,Negative
Facebook,在家隔离者要求提供鸡、肥牛、火龙果，社工投诉港府。 港府上月8日起实施强制检疫，家居隔离的人可以要求社署派人送日用品上门。有社工投诉，有隔离者提出不合理要求，如送20箱火龙果及两磅肥牛两只鸡到住址，批评港府供应物资没有标准。目前有3500人接受强制家居检疫，港府在脸书澄清社署不会满足检疫 ... 全文,Irrelevant
Microsoft,He can change the (Microsoft Office) word,Irrelevant
Facebook,Teddy朴辰成超话 【金监督在线护崽】 一个叫“game edu”的媒体发了个脸书 上面写：ADC是真正的皇室的理由——长得很帅 并po了几张ADC的照片，里面有Teddy的旧照。 金正洙监督看到后表示：辰成……的照片能不能更新一下？？ 金监督在线护崽！！,Irrelevant
Facebook,第五人格卖号超话 笼蝶亚服裸号有人要嘛，秒解绑，自带推，特或脸书来绑。ID:星觅，战队:揽月。淡游了卸载了,Irrelevant
Apple,屏蔽iOS13系统更新的最新方法，哪个步骤我讲得不清楚的话可以问我。 #苹果# ios13超话 V玩氪的微博视频 @iBeta尝鲜派,Irrelevant
Amazon,剛剛在Amazon.com的新發現，亞馬遜竟然出品了自己品牌的鋼筆，上面刻著AmazonBasics. 很卑微的描繪，所以價錢也不貴，美金9.99。不過能這麼便宜，還是因為鋼筆來自中國。目前只有一種顏色，兩種筆尖： medium&amp;fine。,Irrelevant
Apple,苹果近日表示，在中国的零售店重新开业的时间待定，只有少数几家仍计划在2月10日重新开放。这些重新开业的日期可能仍存不确定性。 #苹果# 官方认为目前中国各大城市交通都受到限制，如果这种情况持续到2月下旬，届时多达100万部的 #iPhone# #手机# 将有可能从三月销售季转入六月销售季来进行销售。,Irrelevant
Apple,《最新iPad要来了！2020iPad传闻：发行日期和规格，您想要吗？》尽管在iPad方面，2019年是相对安静的一年，但Apple确实发布了新尺寸：10.2英寸。 网页链接,Irrelevant
Microsoft,win+R打开运行框，打regedit回车，定位HKEY_LOCAL_MACHINE\SOFTWARE\Microsoft\windows\CurrentVersion\Uninstall，把“新速”或者关联的全干掉// @fyjs地摊上的马甲 :本小白没进过注册表// @飞熊出没FYJS : 注册表搜索“新速”，发现的全部删除。然后重启进F8安全模式，用控制版面里的“程序”卸载。,Irrelevant
Facebook,#Drew Sarich# 昨晚萨里奇和Ivan的莫斯科bro con，毛妹太强素材多的令人猝不及防 一半来自Ivan脸书组官图，一半来自毛妹ins图，萨里奇这次带着新吉他去嗨啦??美苏大佬组不仅有con有专属周边还有定制蛋糕,Neutral
Microsoft,优秀Android应用开发者：Microsoft,Irrelevant
Amazon,真的服气了 从两个星期前我就一直反复叮嘱??金买口罩 在我的疯狂督促下他说在amazon上买了 然后直到上周我到了后他说要30号才到 直到今天他和我说口罩被delay了不知道什么时候能收到 意思就是至今为止我们都没带过口罩去华超/吃饭 于是我有点生气 因为我唯一一个口罩还是从国内回美国的时候带来现在 ... 全文,Irrelevant
Facebook,#Drew Sarich# 23号萨里奇和Ivan在莫斯科Glastonberry的小型gig，一组非常绝的黑白组图来自伊万脸书组，毛子摄影技能绝壁点满了 美苏大佬组玩吹气球玩的十分欢乐 以及萨里奇的新吉他真特么好看啊,Neutral
Microsoft,Microsoft Exchange Server Vulnerability: Mass Scanning Starts as Exploit Details Land 网页链接,Irrelevant
Apple,2019年，巴菲特（ 伯克希尔哈撒韦）从苹果公司拿了7.37亿美金的分红… 谁能告诉我，哪个POS的数字货币会是未来的苹果，或者没这个可能… 区块链超话 比特币超话 #苹果#,Irrelevant
Apple,#华为# #苹果# 纠结p30和苹果11，p30p听说屏幕不太好，偏黄？ 求测评求真机用户给意见！这次换手机四年内不会再考虑换了，所以要兼顾拍照+可持续使用性！,Neutral
Microsoft,都柏林圣三一大学计算机系统系主任Douglas Leigth博士撰写了一份研究报告，比较了Chrome、Firefox、Safari、Microsoft Edge、Yandex、Brave等市场主流浏览器与后端服务器共享的个人数据量。研究结果显示，Brave的默认配置表现最佳。报告称：“Brave是迄今为止研究对象中最私密的浏览器。我们没有发现使 ... 全文,Neutral
Amazon,有关气候危机的一部全新短片《生命守护者 Guardians of Life》：影片的故事以一间急诊室为背景，将亚马逊及其土著社区的困境做为比喻，一群医生正在为一位“重症病人”进行抢救，在经过一系列医疗抢救后，“病人”失去了心跳，当医生把手从“病人”的心脏移开时，一颗“燃烧的心脏“呈现在荧幕中，这颗 ... 全文,Irrelevant
Microsoft,我气死了气死了 怎么更新一下电脑系统开屏密码就不是我原来的密码了？也不是Microsoft账号的密码？这是什么鬼啊我还要上网课啊啊啊啊啊啊啊啊气死我了,Irrelevant
Amazon,英国疫情加重了，amazon上一月份买的口罩都没寄到直接商家消失了，我啥都不要，给个offer稳下心态好吧，老爸跟我打趣，你这个月内裤都没买一个就花了7000磅??讲道理毕业季买资料太费钱了 英国·杜伦,Irrelevant
Microsoft,在近日的更新中， #Microsoft Edge# 引入一些额外的功能，比如能够介入并阻止广告软件、加密货币挖矿等比较流行的潜在有害的恶意软件。互联网上的免费下载站点往往存在这类风险。,Positive
Apple,Apple One apple a day 绿洲,Irrelevant
Microsoft,"NO15.设计笔记???????? / The Microsoft Office app – Word, Excel, PowerPoint &amp; more. 每周设计的微博视频",Irrelevant
Apple,老早之前想問了， #Apple# $苹果 AAPL$ 为什么不出手环类的细分wearable产品线？这个空白区域市场，国内国际很多厂商都有试探啊，最后 #小米手环# 目前卖得最好。,Irrelevant
Apple,iPhone超话 #苹果# #国行iPhone# 苹果手机美版和国行的区别 汕头 小林爱疯的微博视频,Irrelevant
Apple,#评测# 苹果电脑的触控版到底有多好用！ #苹果# 刘同学的 #vlog# 23 刘邦辉sports_media的微博视频,Irrelevant
Amazon,看到 @Gaynor-Minden 推荐的这本芭蕾术语词典真不错，解释得非常清晰： 网页链接 说是英文版的Amazon上有售。,Irrelevant
Apple,OPPO Watch 系列来了，支持eSIM，像Apple Watch 就不说了，以前OPPO 也试过像素级模仿苹果，其实以前魅蓝注册一大堆官方微博的时候就幻想过小厂也搞一块……,Neutral
Apple,想有个apple watch上的siri当我的三月好朋友 陪我道晚安 在线抽一名幸运儿送我一个,Irrelevant
Facebook,余少群超话 我將公子po上FB臉書，希望有更多人認識你！ 馬上有人全部按讚! @余少群 @余少群全国粉丝后援会 @紫纱倩影,Neutral
Apple,#ss0116# 用airpods耳机听歌真的遭罪电流声噗噗噗 真的烦1200多的耳机真的垃圾苹果吃屎吧你......本开始还蛮期待马上面市的airpods2 垃圾东西算了吧 homepod我也想都不会想了拜拜 #苹果# 武汉·光谷,Irrelevant
Amazon,想不明白，我一卖服装的，你一卖手机壳的，我招你惹你了 Amazon能有点脑子不 苏州,Irrelevant
Microsoft,微软公布 Microsoft Edge 路线图，将发布 Linux 版本 - 鸽听【微软公布了 Microsoft Edge 路线图，其中未来版本将加入的新功能包括：设备之间的浏览器扩展同步；设备之间浏览器历史同步；将发布 Linux 版本；支持朗读 PDF 文件等。其中扩展同步已进入测试版本。 Linux版本可能引 网页链接,Irrelevant
Amazon,原来爱娜娜的RADIO STATION &quot;Twelve Hits!&quot;系列是只在animate和ナナイロストア卖的………… 我是说我从好几个月前就时不时在amazon上搜虎於的生日碟，每次都搜不到，一直以为是还没上架或者是关键词不对…,Irrelevant
Microsoft,我好烦啊！这墙也太厚了！！新买来的电脑连个学校官网也登不上去！我要上去下载我免费的Microsoft啊啊啊啊,Irrelevant
Microsoft,强烈建议Microsoft把onenote 和word 的功能结合一下 我两个软件切换好累,Negative
Facebook,#外国人永久居留管理条例# 如今之国人微博 前时之黄尸脸书 昔日之red卫袖章 不反对即不爱国 不控评即不理智 多少年去 小人且又嚣张 甚是感叹 希望国人看清风向，悬崖勒马，回头是岸。,Irrelevant
Facebook,2020/02/18 協志臉書截圖 孙协志超话,Irrelevant
Facebook,脸书、INS、推特等软件将加入华为AppGallery 华为消费者业务首席执行官余承东表示，Facebook、Instagram、Twitter很快将登陆华为AppGallery 华为HMS+鸿蒙生态计划，未来可期！,Irrelevant
Amazon,2020年全球最有价值的品牌分布 Top 10 Most Valuable Brands in the World in 2020 1. Amazon: $221B (Retail) 2. Google: $160B (Tech) 3. Apple: $141B (Tech) 4. Microsoft: $117B (Tech) 5. Samsung Group: $94B (Tech) 6. ICBC: $81B (Banking) 7. Facebook: $80B (Media) 8. Walmart: $78B (Ret ... 全文,Positive
Amazon,刚刚有内部人员透露亚马逊公司在华盛顿州的两个重要办公区，西雅图市区和Bellevue所有员工可以在家远程办公。 #美国疫情# #新型冠状病毒# 希望曼哈顿上这么密集的办公区也可以尽快采取这种措施…减小城市抗疫负担,Irrelevant
Amazon,正泰超话 人生第一次……一张专辑拆出两张小卡，还没有本命魔咒 谢谢amazon谢谢放小卡时手滑的员工??,Positive
Apple,低热量解馋下午茶——苹果派 #大蜜减脂营# #大蜜食堂# #苹果# 哈喽~大家记不记得大蜜饮食有加餐呀？今天给大家介绍一道低热量解馋下午茶，一道小甜点~在减脂期听到甜点有没有很嗨皮呀？原料超少，步骤也很简单哟！嗯，当然，用它当早餐，配杯牛奶也是超级棒的！这道菜就是：苹果派。 苹果派 难易程度： ... 全文,Irrelevant
Amazon,昨晚我在亚马逊买水的时候我问少年买几箱（每箱是2Lx9瓶），他说“水这个东西用的很快的，喝和做饭什么的都要用、然后还有...金鱼！金鱼！我的金鱼！ ”，然后我默默的点了三箱 还有就是昨天我买水时网站自动推荐微波米饭，然后我眼了眼，想着今天去超市看看吧就没买。今天去了超市300g一盒 ... 全文,Neutral
Apple,富贵论坛超话 iPhone11成中国市场最高销量机型！大家都有用过吗？ iPhone包揽中国市场最高销量机型三甲，iPhone 11最受欢迎！近日库克在电话会议上明确表示，在 2020年第一季度，iPhone 11每周都是最畅销的iPhone机型，超过了 iPhone 11 Pro 以及更低价位的 iPhone XR ，这款机型在中国市场很受欢 ... 全文,Irrelevant
Facebook,反对派议员抹黑港警“未参与抗疫、贪生怕死”，郭嘉铨斥：内容失实，误导市民 #香港# 环球网报道】据港媒报道，香港立法会反对派议员日前在直播中以“黑警”称呼香港警队，并声称警方囤积口罩等防疫装备、“贪生怕死”云云。对此，香港警方16日晚间在脸书发文表示，严正澄清立法会议员针对香港警察的失 ... 全文,Irrelevant
Amazon,hbo的High Maintenance，amazon的Modern Love，netflix的easy可以算是在都市情感短剧领域的三国志了，各有千秋。,Irrelevant
Facebook,岁月静好就是掩耳盗铃固步自封，昨天是你不用ins油管脸书推特没关系，今天是你不用ao3看文不在乎，明天一定会迫害到你身上。,Irrelevant
Amazon,看到澳洲的蝙蝠我就想到了这两年真的发生了太多的事情，无论是亚马逊雨林的大火，还是澳大利亚的火灾和水灾等等，都应该提高环境意识了，这不是一个国家的事也不是一个大洲的事而是整个世界的事情。 小学了课本里就教育我们保护环境，人类与地球息息相关 《流浪地球》里也曾经提起过，“起初，没有人在 ... 全文,Irrelevant
Microsoft,向全世界安利Microsoft office 365，既保留了Microsoft的强大功能，又结合了wps的效率与运行速度，简直爱了，办公利器,Positive
Facebook,要是嗲赵是我男朋友…别说发朋友圈了，我一定QQ微信微博绿洲ins推特脸书全球社交媒体平台同步推广让全世界知道 （我又在对着电脑屏幕的赵医生啧啧感叹）,Irrelevant
Microsoft,Microsoft Office（Word、Excel、PowerPoint三合一）发布,Irrelevant
Facebook,"使者雷尔分享Sortez de la matrice的图片:想要用脸书(Facebook)唤醒人们,就像用垃圾分类和2台风车来拯救地球一样.你的意识是好的,但你在酝酿的是空谈....(这就是我刚刚在做的) ～托顿.奥比",Irrelevant
Microsoft,microsoft（软件公司名称：微软） windows（系统名称） xp（系统版本） professional（型号）2002（年份）。一般不会出现年份。因为系统版本就说明了年份。,Irrelevant
Microsoft,气死了气死了气死了气到胸闷我恨Microsoft,Irrelevant
Amazon,"Alexa, play some chinese songs 跳过了几首吴亦凡的 然后来了这个 我整个人在房间？？？？以为在老家过年 然后要求next的时候 说这是歌单最后一首 然后又回到了wuyifan 这amazon的歌单？？？ 嗯？？？？ 我是谁我在哪 JaegerDerZeit的微博视频",Neutral
Facebook,DuaLipa超话 【来自华纳台湾脸书】 危險系繆思女神教你提高免疫力 DuaLipaChina的微博视频,Neutral
Facebook,《社交网络》 扎克伯格个人纪录片 目前为止看过最精彩的纪录片。 整个电影讲述了扎克伯格如何创造了脸书，当然，整个过程全是穿插中的回忆，现实是在扎克伯格打官司，与和最好的朋友，以及最开始要与他合作的人。 电影里卷西语数真的相当快了，像开了二倍速一样，不过这样的逻辑能力也符合扎克伯格这种 ... 全文,Irrelevant
Amazon,病毒进入体内的48小时… 你知道蝴蝶效应吗？南美洲亚马逊流域，一只蝴蝶偶尔扇动几下翅膀，便可以在两周之后的北美刮起一阵龙卷风，这就是连锁反应。同样，别人打喷嚏喷射的飞沫，也可以在你的体内酝酿一场风暴。而新型冠状病毒可能就藏匿在其中。 “阿嚏！”……飞沫传播，可能是一次擦肩而过。接触 ... 全文,Irrelevant
Facebook,下雨天工作日老板心情不好助手顾着刷脸书天啊啊啊啊啊,Irrelevant
Amazon,24/02/2020 动画报道 亚马逊宣布了《关键作用：机械之声的传奇》的豪华编剧阵容。 这部由奥斯卡动画工作室 Titmouse，和亚马逊（Amazon）同时制作的家庭动作类喜剧，在上周宣布了他们的编剧团阵容。 该剧编剧基本来自各大动画工作室，迪士尼，皮克斯和梦工厂等等。这也看出了亚马逊在流媒体端的想法， ... 全文,Irrelevant
Facebook,#余文乐道歉# 所以在香港用脸书 在内地用微博 如果有一天微博和脸书整合，我相信国际服务器会被评论战炸掉,Irrelevant
Facebook,美国国务卿老疯狗蓬佩奥：谴责中国“驱逐”《华尔街日报》的三名记者。那你就谴责呗，还要证据嘛，那么多阵亡在脸书和推特上的账号还不够？ 哦，对了。中国都开始援助日本医疗资源了，美国说好的那一个亿呢？ #中方向日本捐赠核酸检测试剂盒# #华尔街日报辱华#,Irrelevant
Apple,苹果现在品控这样了吗？什么时候是不是会大爆炸？ #苹果# #airpods pro#,Negative
Amazon,我买的时候不到4刀，现在Amazon卖28刀,Irrelevant
Microsoft,Microsoft Apple,Irrelevant
Amazon,上周在Amazon买的口罩到现在一点动静都没有。今天去Sainsbury买点消毒设备，给家里清个洁，通个风，消个毒,Irrelevant
Apple,#iPhone要出藏青新配色# 据说这是今年新iPhone独有配色，而且可能会放弃暗夜绿。还是觉得暗夜绿颜色好看一些 #数码资讯# #数码# #苹果#,Irrelevant
Facebook,截至目前，我在网络见过最神奇政治立场，一个台湾人，简介“民族复兴，祖国统一”，看他一个视频，拍的是台北东区萧条景象，商户租不出。看完这视频后，又关联另一个台湾人视频，讲自己感到大陆（上海）生活便捷，之前做过一个台北VS上海视频，被台湾人狂喷大陆连脸书油管登不了唉，但他想请问难道台湾 ... 全文,Irrelevant
Microsoft,"iPad iPad Pro ...... .... Microsoft Surface... if HKSAR subsidizing HK$20,000 per person 香港特区·荃湾",Irrelevant
Amazon,????今天很惨 不是平时那种的惨 而是真实的惨 先是挺喜欢的一个耳扣莫名其妙不见了 然后洗完头一开吹风机发现它不工作了....虽然不记得上一次是什么时候用的 可是也并不理解为什么他不工作了 准备找个时间把它拆开来看看里面是什么情况 虽然他也算是寿终正寝了 但是还是很惋惜...本来准备amazon上买个 ... 全文,Irrelevant
Microsoft,打卡第一科 继续努力鸭[加油] #Microsoft Office# 中山,Irrelevant
Apple,二手iphone超话 #苹果# #iPhoneX# 最便宜的全面屏iPhone手机，年度销冠 广州 小林爱疯的微博视频,Irrelevant
Facebook,发布了头条文章：《范玮琪两度道歉不管用！脸书遭恶毒留言洗版，品牌、专辑也被抵制》 范玮琪两度道歉不管用！脸书遭恶毒留言洗版，品牌、专辑也被抵制,Irrelevant
Microsoft,Microsoft Store怎么磨磨蹭蹭的 我就想下载一个xodo 气死我了,Irrelevant
Facebook,脸书帐号庄XX的台湾网友日前转贴一全球华人军事联盟的贴文，因内容提及「台湾疫情失控，军方接管台北，蔡当局当街烧死疫情患者 」及「X，据我朋友在台湾的小姨子的姨夫的三姑的七舅老爷的儿子的男朋友讲，台北现在一车一车的尸体往火葬场拖.....」，被台湾警方认为明显是在散播不实消息。 庄姓网友贴文 ... 全文,Irrelevant
Facebook,#heartsignal3# ①号以前开过油管发自己的旧金山日常，曾经在脸书任职工程师。听说声音有磁性、身材好、自律、并且会耐心回复网友的评论。,Irrelevant
Facebook,美国第一起新冠肺炎死亡病例爆出，病人生前在西雅图附近的长青医院接受治疗。 死者年近60。 网页链接 川普就此发表电视讲话。 看脸书直播的人数只有他平时大型群众集会的1/20？ 当地时间下午景郡将举办新闻发布会公布更多的信息。 网页链接 ... 全文,Neutral
Microsoft,搞文档好累啊，发给别人总是会格式乱了 WPS还是没搞明白 刚刚下载了Microsoft Word，还是这个上手容易,Positive
Facebook,#生物医药# 美官员表示，数以千计的俄国相关推特、脸书和ins账号不断传播假消息，声称美国是中国爆发的冠状病毒肺炎的背后黑手、比尔盖茨也牵涉其中 。,Irrelevant
Amazon,#澳洲暴雨扑灭山火引发洪涝# 这是大自然在惩罚！老天看不惯动物的流离失所！澳大利亚的史上最大林火连烧4个月，从2019年烧到了2020年！灾情是亚马逊森林大火的2倍，5亿只动物中死亡；4000千多名灾民等待军方紧急撤退，食物水电消耗殆尽，而澳大利亚总理却在夏威夷享受假期？眼下，这里就是地狱....   ... 全文,Irrelevant
Microsoft,终于解决了Microsoft Store无法连网的问题 试了各种方法只有这种管用,Positive
Facebook,吴慷仁超话 周末愉快哦呦~?? #脸书搬运工# #吴慷仁#,Irrelevant
Apple,ipad没电关机了，充了半个小时大概有百分之二十左右的电，一开机就剩1%的电 在边充电边使用的情况下，一分钟，又没电关机 真他妈辣鸡！以后都不会再购买任何Apple电子产品 #Apple# #苹果# #苹果关闭大陆零售店至9日#,Negative
Facebook,TwoSetViolin双琴侠超话 （脸书搬运） @TwoSetViolin双琴侠 @TwoSetViolin-双琴侠 B宝生日快乐！ （B宝和我爸同天生日??）,Irrelevant
Amazon,#每日一善# #阳光信用# 救急援》彭晏剧于照3、在零线商售Amazon头巨格价突期破前高点，稳日站200之线均上。宏润建月设日(002062)120晚间公告，公司中及铁勘第察设四院计集有团公限司、中铁四团局集公有限司组联成的合体，中杭标市文州西一路(西东大道-荆长道大提)升改造标程工二段设计施采工购 ... 全文,Irrelevant
Microsoft,"Win10完美去除快捷方式小箭头的方法： 1、去掉小箭头 reg add &quot;HKEY_LOCAL_MACHINE\SOFTWARE\Microsoft\Windows\CurrentVersion\Explorer\Shell Icons&quot; /v 29 /d &quot;%systemroot%\system32\imageres.dll,197&quot; /t reg_sz /f taskkill /f /im explorer.exe attrib -s -r -h &quot;%userprofile%\AppData\Local\ ... 全文",Irrelevant
Facebook,这一个月做了什么？看了一堆电影数不过来，追了4部剧，读完了3本书，写了几万字的东西，运动瘦了6斤，每天步数不超500，刷ins推特脸书朋友圈微博豆瓣绿洲，整理硬盘资料看以前的照片文字视频各种东西，打游戏，撸猫撸狗，给我妈按摩，跟我妈喝酒…都是一些屁事儿，我真的快疯了，我连大门都没出过，更 ... 全文,Irrelevant
Apple,外国人手机多长时间换一次？可能与中国的差距太大！ 现在，手机已成为每个人都无法缺少的产品。由于我们越来越频繁地使用手机，因此手机的寿命越来越短，因此更换手机已成为我们理所当然的事情。 我国的消费者越来越快地改变手机的频率，最初，是用多年之后才会更换手机现在，他们开始每月使用手机， ... 全文,Irrelevant
Amazon,住在amazon总部附近，下班的点仿佛来到了印度 美国·西雅图,Irrelevant
Facebook,吴慷仁超话 是你的想跑也跑不了，不是你的想得也得不到 #脸书搬运工# #吴慷仁#,Negative
Amazon,《亚马孙河_百度百科》亚马孙河（英语：Amazon River；葡萄牙语：Rio Amazonas；西班牙语：Río Amazonas；又译“亚马逊河”），位于南美洲北部，是世界上流量、流域最大、支流最多的河流。由于河流长度测量方法并无定论，亚马逊河河长便有着多种不同的说法， 网页链接,Irrelevant
Microsoft,我真不好意思说自己是个理科生 为了把Microsoft store弄回来弄了一下午 谢谢谢谢谢谢宁 @你里添福妍,Irrelevant
Facebook,DWG官方更新脸书 上传了昨天赛场的照片~ cr：DWG-fb #英雄联盟# #2020LCK#,Irrelevant
Facebook,黄伟晋超话 北极光-黄伟晋Wayne 20200202 伟晋脸书 转发一则 2020.2 Schedule @黄伟晋Wayne,Irrelevant
Microsoft,Re-imagining Microsoft’s mobile experiences 米夏小雨的微博视频,Irrelevant
Microsoft,app #GRAMMARLY# 的出现，不又是 #Microsoft# #Office# 无暇顾及细分客服和服务领域变化（mobile &amp; multi-terminals ）的产品吗？,Negative
Amazon,#别的简报# 【亚马逊 CEO 杰夫·贝佐斯承诺投入 100 亿美元拯救地球环境】 亚马逊（Amazon）创始人杰夫·贝佐斯（Jeff Bezos）周一宣布，他将捐赠 100 亿美元拯救地球环境 —— 就在一个月前，亚马逊被曝出威胁解雇公开批评亚马逊环境政策的员工。 根据《福布斯》数据，贝佐斯是全球首富，个人净资产 ... 全文,Irrelevant
Apple,#Apple Watch 奖章# 3月加油,Irrelevant
Microsoft,去年 10 月发布的微软 Surface Pro X 国行版已经上架并开启预售： 8 + 256GB 版售 9988 元（单机，不含键盘盖及触控笔） 16 + 256GB 版售 11988 元 16 + 512GB 版售 13988 元 回顾下这款二合一 PC 产品的整体配置： 配备一块 13 英寸、2880 × 1920 分辨率触控屏，搭载基于骁龙 8cx 平台定制的 Micro ... 全文,Irrelevant
Apple,#育碧# 影业为 #苹果# Apple TV+制作的喜剧剧集《 #神话任务：渡鸦的盛宴# 》《Mythic Quest: Raven’s Banquet》第一季烂番茄媒体新鲜度76%，观众87%；MetaCritic均分73/100；私评勉强3/5星：不要在自家游戏硬广中插播美剧啊 。 S01E05的质量高出其他集一大截，因为完全不影响剧情，可以首先观看，不 ... 全文,Irrelevant
Amazon,加拿大的amazon太不行了。那什么玩具还要从美国amazon买好心疼运费,Negative
Apple,2.4 #育碧# 影业与 #苹果# Apple TV+联合制作的喜剧剧集《神话探求：渡鸦的盛宴（个人暂译）》《Mythic Quest: Raven’s Banquet》第三支预告。2月7日开播，已续订第二季。 ————分隔线———— 《 #刺客信条# 》《荣耀战魂》……甜不辣塞起硬广来真是不含糊啊 。 尹口羊Erfolg的微博视频,Irrelevant
Amazon,欧洲人终于开始慌了，但所有地方都买不到口罩了。亚马逊上的医用外科口罩，50个标价400欧。一个月前买空了所有药店打包寄回国的留学生和华侨，现在心情都很复杂,Irrelevant
Facebook,微博和臉書都是能讓我越看越氣到爆炸的地方 微博是因為社會不公的地方太多 臉書是因為歧視問題太多 還是少耍點少刷為好,Negative
Amazon,#西雅图生活# 市中心的梅西百货旗舰店历经90多年的兴衰，如今真的人去楼空。新人是谁？很好猜 - 亚马逊 ，上面六层已经是Amazon办公室，就等下面三层腾空了。 西雅图夏至的微博视频,Irrelevant
Apple,#苹果# iPhone12实锤骁龙X55，未来四年苹果都将采购高通5G基带！ 科技君的眼镜的微博视频,Irrelevant
Apple,尼玛逼的苹果杀后台 不让6P活了吗？？版本也不能更新 爹的6P一直停在12.4 是要爹换手机吗 #苹果# 苹果手机超话 iPhone超话,Irrelevant
Apple,为什么，我什么时候，开了apple music？？？？为什么自动扣费了！！！！啊啊啊啊啊我的钱！！！！,Irrelevant
Microsoft,我要疯了啊啊啊啊啊崩溃，这种情况咋搞啊 从昨天晚上开始每次打开电脑都会蹦出来最上面那个框框，显示Windows正在设置Microsoft office professional plus 2010，然后点取消也关不掉那个框框，还会蹦出来第二个，显示无法访问你试图使用的功能所在的网络位置吧啦吧啦的，点确定之后又显示最 ... 全文,Irrelevant
Amazon,放假了 好悠闲 每天固定吃两餐 步数不超过200步 吃完就躺躺完再起来吃 反正有人给做饭 养猪的日子真开心啊 刚刚晚饭吃了炸鸡和巧克力蛋糕 满足了 还有最近在戒零食 坚决不吃一口零食 休息完这阵迎接我的是下个月2个重要的录音和一场con 加油呀坚持到回国！ 还有最近要在Amazon 上买个称了 下周开始减 ... 全文,Irrelevant
Microsoft,这就是Microsoft吗 i了i了,Positive
Facebook,佐藤健超话 啊啊啊啊啊啊啊啊我的line收不到手机验证码，用脸书也登录不上去 有没有姐妹会弄的呀,Irrelevant
Apple,表情包超话 你们都拿到新年礼物了吗？ 没有我来宠你们 不许我的粉丝没有！ 告诉我你们喜欢什么颜色？安排！ #新年礼物# #手机# #苹果# #抽奖#,Irrelevant
Amazon,爸爸之前在science center看到有这种颗粒状的playfoam??回家后看amazon有颜色很多的大包装，给kc买了之后就忘记了。今天星期天，又是大雪，快递还是突然送来了。小朋友自己签收的，哈哈哈哈 和爸爸一起玩了好久。 最后是我最爱的truffle salt!!! ?????? ?? ???????? 放哪儿哪儿香,Irrelevant
Microsoft,iOS 版的 Microsoft Office 已经上了，速度冲。iPad 版还没有。 搜索不到的按照图 2 画圈的点进去翻。 或者直接戳： 网页链接,Irrelevant
Apple,对于今年秋季发布的iPhone 12，外媒认为有150亿个理由变得更强大。 苹果在iPhone X上首次引入Face ID，并由此诞生了标志性的“刘海”，沿用至今。据外媒报道，巴克莱分析师在最新报告中指出，iPhone 12系列将继续采用升级后Face ID，同时iPhone 12 Pro将采用全新的ToF镜头。 Face ID进行过两次改进， ... 全文,Irrelevant
Apple,解放碑的apple什么时候营业呀 万象城都开了 但是我不想跑那么远啊 #Apple# #解放碑# 重庆·解放碑,Irrelevant
Microsoft,哎呀下了Microsoft to do 简洁！明天开始复工，重新做人啦 ！生活的????键结束，????重启键按下.一个月的寒假生活正式宣告结束??. 冲鸭！,Positive
Apple,"You’re my lung, my liver, my skin and my bone, as well as my heart and my mind. You are the apple of my eyes. 午来非 液????",Irrelevant
Microsoft,怪不得，，，现在在Microsoft store 找不到慕课了。。。,Irrelevant
Amazon,Shay Legacy Merch Available via Amazon Shopping shaylegacy的微博视频,Irrelevant
Amazon,????英国还能买到FFP2的网站（仅安利 自辩真假） 在我努力刷各种渠道的信息下，发现了这个网站还有FFP2口罩！ 特地去查了这家公司的资历，感觉应该挺靠谱的，仅安利。我之前一月份amazon买的FFP2口罩就是图一这款，是套头式，对头大的我不是很友好，有点勒耳朵，但是命要紧！而且也没有比普通的贵 ... 全文,Neutral
Microsoft,Microsoft的延时太长了。,Negative
Microsoft,AI 领域有四大开源框架：TensorFlow (Google)、Pytorch (Facebook)、MxNet (Amazon) 和 CNTK-Azure (Microsoft)，现在绝大部分的 AI 开发者都在这四个框架上开发，其中 TensorFlow 的市场占有率最高。,Irrelevant
Microsoft,微软GitHub在北极世界档案馆存储比特币代码： 据DailyHODL报道，微软(Microsoft)的GitHub档案程序为对比特币及其他开源项目进行末日防护，将这些项目通过代码形式存储在北极世界档案馆（Arctic World Archive ）中。比特币（BTC）项目在GitHub网站上拍摄了一张活动存储库的快照，并将代码存储在卤化银 ... 全文,Irrelevant
Facebook,臉書看到的笑話哈哈哈哈哥布靈殺手哈哈哈哈哈哈哈哈哈,Neutral
Amazon,LJJ在国内武汉封城前就在amazon囤大量?? 从N99到普通口罩 医用防护口罩 ，甚至给tequila都买了宠物口罩 = = 家里囤水囤粮 是个狠人… 本来还靠朋友接济了三瓶酒精 … 万事俱备 就差永远等不来的停课,Irrelevant
Facebook,#城市追擊—香港# 好提议。可惜已经有曱甴在脸书说领了1万元用来抗争了。,Irrelevant
Facebook,爱国是原罪   民主自由是大法   有些人眼里外网就是天堂   可惜了中国不会开的  你们想看早点投胎生去非洲上推特脸书去吧,Irrelevant
Microsoft,New actively exploited IE bug forces Microsoft to patch Windows 7 again 网页链接,Negative
Microsoft,Blue Cedar and Microsoft enable Intune users to connect from managed mobile apps to data sources 网页链接,Neutral
Microsoft,这学期有两个教授是美音 我太开心了哈哈哈哈 听着是顺耳 ！ 有一个还特别搞笑 从08年crisis 讲到”I’m straight” 还说Microsoft 是garbage Hhhhh,Negative
Microsoft,鼠标手分享几个神器 1. Medi护腕  试了各种护腕这个佩戴相对舒适 2. Logitech MX Vertical鼠标  Mac党配合Jitouch软件+ Logi option一同食用很香  去公司多设备还可以Flow+easy switch 3. Microsoft Sculpt Keyboard 鼠标手疼起来等不了K860  外网测评第一  键盘布局需要适应期  Mac Command键调整见图,Irrelevant
Amazon,XV Staff本節選 amazon: 网页链接 1-2張來自AR台本裡表紙，3-10來自動畫師staff，11-18來自7裝者+卡羅cast群。,Irrelevant
Amazon,论古人如何提高生活体验感 ？ 这是亚马逊在今年超级碗上播出的广告，跟去年一样，又拿自家智能语音助手Alexa开了把玩笑。 #创意# #广告# 不透明编辑部的微博视频,Irrelevant
Microsoft,Microsoft Office Specialist PowerPoint 2016 get√ 开心一下^_^,Irrelevant
Facebook,登不了脸书，你说，我有人人；上不了推特，你说，微博一样玩；查不了维基百科，你说，百度不也挺好的；小灯泡太贵，你说OLAY不也照用,Irrelevant
Facebook,今天這張圖片在臉書一些社團瘋傳 金門VS廈門 民主VS社會主義 這圖片也可代表目前台灣和中國大陸的差別 我只是平民百姓 不求大富大貴 只求三餐溫飽 和大陸比起來 台灣才是真正水深火熱的地獄 PS:今天同行的又一間工廠關閉 台灣只會越來越差...,Irrelevant
Facebook,推特脸书到底为什么被墙？ 包庇恐怖分子，这个理由足够了吗？,Negative
Microsoft,今晚尝试用了下 Microsoft Teams 进行协同工作，只想感叹微软牛逼。,Positive
Amazon,"#泛读# 今晚直播会提到的几个重要的网址： 1. Lexile蓝思指标 网页链接 2. Newbery Medal Winners &amp; Honor Books, 1922 – Present 书单 网页链接 3. Nutmeg Book Award 7-8 书单 网页链接 4. Amazon Lexile英文分级: 网页链接",Neutral
Facebook,今天我要向過去的自己道歉 很誠懇的道歉:過去的自己真的太稚嫩了 我竟然一直以為精神病人最多的地方是在精神病醫院?? !!!現在我才知道，我錯了，並且錯得相當的離譜，原來精神病人最多的地方不是在精神病醫院!!!是在微博（為什麼沒寫臉書和IG是因為那裡的精神病也 ... 全文,Irrelevant
Microsoft,Former Microsoft Engineer Convicted of Insider Fraud 网页链接,Irrelevant
Microsoft,深入了解在钓鱼攻击中被广泛使用的Microsoft RTF格式文件和OLE漏洞 网页链接,Neutral
Facebook,大陆网友脸书钓鱼，说这是王世坚说的，王世坚气得发疯，欲状告大陆网友。 老铁，你太强了,Neutral
Facebook,台湾政论节目无下限 ，添油加醋诋毁大陆抗疫行动。 这个视频传到脸书两岸交流群里去了，给这些无耻的名嘴加深点印象。 悄悄围观的微博视频,Irrelevant
Apple,iPhone底部横线的隐藏小技巧 苹果超话 iPhone超话 #iPhone# #苹果# Jose-93的微博视频,Irrelevant
Apple,#苹果# 分析师郭明池最近爆料说水果公司自主研发的ARM芯片极有可能在2021年中旬发布的MacBook上使用。 其实??造芯不是近期的事了，最近几年一直在加大相关领域的R&amp;D投入。去年Intel也透露过他们跟Apple的合作或将终止。自行研发媲美因特尔、Qualcomm、AMD的芯片能帮助水果公司提升Mac OS软硬件integr ... 全文,Positive
Microsoft,当你想干一件事的时候 全世界都与你为敌？ 打开2003版的office结果是2010版？？ 没有03 07版的office 咱用2010版的试试？ 思蒙2010都有Microsoft公式3.0 要么是安琪的WPS里有Microsoft公式3.0 偏偏我的啥都没？ 换家里的台式电脑 只有WPS?？？？ 天无绝人之路？？ 不 有绝人之路 我哭了,Irrelevant
Apple,某个人 @-阿Feng 之前说我微博全是转发。。。不服气 那么，接下来，只好不负众望了呗。 换上新头像，新年新气象。 (图五是自己用Apple扫描出后自定义的memoji，算是原创吧，应该不算侵权，如有雷同，暂且保留最终解释权。 #成都# #苹果# #生活# #我# #自己# ) #天气即天意# #冒个泡#,Neutral
Facebook,我…………今天不敢关联推特脸书………… 我就做了一个账号 然后做贼一样打开tizi刷了一遍直拍 投了个票打卡一下,Irrelevant
Facebook,#许光汉章若楠 你的婚礼# 来大陆捞钱 先去脸书 ins 上表明一个中国原则 别当了XX 还立牌坊 豆瓣都给你扒皮了,Negative
Amazon,居然还是成都人。 京都在住？ 日本国籍都被他们污染了。 我说怎么药店一夜之间被抢空了，amazon上口罩涨了十倍，消毒酒精涨了七八倍！都是这帮垃圾在抢货囤炒呢！ 事实证明日本人民的爱心，不但能喂狗。还可以卖钱。,Irrelevant
Microsoft,Microsoft is expanding its antivirus software to iOS and Android — and it's betting on AI in a bid to dominate the enterprise cybersecurity market 网页链接,Irrelevant
Facebook,脸书2泰铢买微信120泰铢卖 #口罩# #新型冠状病毒# 法国,Irrelevant
Microsoft,Microsoft Ignite The Tour上海站取消了,Irrelevant
Apple,apple用了两年现在的电池情况就是充电很慢、耗电贼快,Negative
Facebook,防弹少年团超话 ！！！大家救救瓜和油管吧，投票也不能落下啊，iheart这里可以帮投，要是投不了或者懒得投都行，发个邮箱和脸书给我不用多久的，可天天返图,Irrelevant
Amazon,我朋友的经历真的值得被拍成一部人在囧途。他这个月要入职西雅图亚马逊。当时美国禁止14天内去过中国的入境了，加拿大使馆也都关了办不了签证。于是他一个月前从杭州出发，飞马来西亚前一天晚上因为浙江籍被禁止入境，只能突然飞去泰国半个月，到泰国第一秒冲去加拿大使馆办了签证，然后在日本公主号全 ... 全文,Irrelevant
Amazon,亚马逊：人间漏勺,Irrelevant
Amazon,Galaxy S20系列阿联酋版上架亚马逊，配置自己看看，就是之前曝光的那些，都是对的。,Irrelevant
Apple,#苹果# 中国人平均工作多久才能省出零用钱买iPhone11 pro max,Neutral
Facebook,#武汉病毒所陈全姣声明# 轮子，东突，港独，台独，很多，等等，微博已经跟脸书差不多了，该管管了，别跟脸书一个下场,Irrelevant
Facebook,dpr超话 dprlive超话 公演信息 &lt;VERY FESTIVAL: SPRING-BREAK&gt; ??公演时间: 2020.03.14 ??场地: 泰国曼谷Thunderdome ??入场时间 : 12:00 PM ●售票网站: 网页链接 ●脸书活动页面: 网页链接,Irrelevant
Microsoft,自律超话 DAY 2 不是很会用Microsoft To Do 这个APP，怎么才能把昨天的任务复制到今天，或者设置好每天的任务，直接打勾就可以，每天都设置一遍任务真的很麻烦啊！,Negative
Microsoft,连 Microsoft 自己都解释不清楚三合一版 Office 究竟和原先分开来的三个版本有什么区别，面对疑问只回答「你应该试一下」；视频宣传片又有大半时间是在介绍附属功能，比如说 OCR 表格和 PDF 签字。但是这也太惊人了。,Negative
Facebook,家国、离散、生死、不得已的万千个再见不见，在往时都是偶然中偶然，一念中一念。而半个多世纪过去，和平再度轮转为惘惘的威胁，流血警醒着热爱生活的人们，你们曾在脸书、推特上留下过的“咫尺之隔”的点滴，不经意的偶然便会成为众目睽睽的“海天之遥”。,Irrelevant
Facebook,金路云超话 我太南了，有人知道推特脸书怎么注册吗？我真的是琢磨了一天了各种百度也没搜出个所以然，我都要被自己给蠢哭了，求集美们指路,Irrelevant
Apple,#苹果# 请苹果用户，藏在被窝里，把声音调到最大！ #情感语录# #livephoto动态壁纸# Live动态壁纸的微博视频,Irrelevant
Amazon,AI 领域有四大开源框架：TensorFlow (Google)、Pytorch (Facebook)、MxNet (Amazon) 和 CNTK-Azure (Microsoft)，现在绝大部分的 AI 开发者都在这四个框架上开发，其中 TensorFlow 的市场占有率最高。,Irrelevant
Apple,据报道，苹果正在和中国台湾的供应链合作开发几种即将推出的产品，包括未知的“AirPods Pro Lite”。因为AirPods Pro与无线版本的AirPods只差50美金，如果真的出Lite版本，价格就有点尴尬，大家觉得有没机会成为iPhone12 Pro Max的标配呢？ #苹果# #数码# （图片来源于网络）,Irrelevant
Microsoft,Windows Update 已经可以检测到含有新 Edge 的更新，如果你之前在等通过 Windows Update 推送的 Microsoft Edge，请检查更新！（适用于 Windows 10 1909 以及 1903）,Irrelevant
Amazon,发现消毒水amazon walmart都只有高价的了 早上在EBay花60刀买了四大瓶800ml hand sanitizer 健身回来路过CVS 一排架子的sanitizer都空了 刚刚看了看我的订单 发现买家把价钱涨到62刀两个了 这到底只是华人还是美国人也在抢 有点怕怕 希望我的货正常发出来,Irrelevant
Facebook,第一次听她叫麻麻~ 第一个反应就是想告诉全！世！界！ 然后脑子里全是白家老鼠我二哥 @高瀚宇KD 那首《check in》立刻录屏剪辑发到微博 微信 ins 推特 空间 脸书 大鱼 百家 今日头条上 话说一般你们都什么反应？ 高瀚宇超话 BJJ小学生大心儿的微博视频,Irrelevant
Apple,绝了 听着网课刚好讲到apple 就在此时我滴姥姥给我拿进来一个?? 于是我现在正边啃着??边听着老师讲??,Irrelevant
Facebook,Zeesaint超话 ?? ?? #ZeeSaint# ???????????? 20200221 Whyru 爱的游戏直播全程 又是肆无忌惮，腻腻乎乎的????，果然新婚的就是不一样 ???????????? cr:WHYRUTheSerier 脸书 颜控拒绝丑陋的微博视频,Irrelevant
Amazon,"DIY :自己动手修车！ Well done, Mr. P 很欣赏他解决问题的方式： 1.仪表盘显示error 2.上网搜索，需要仪器检测原因 3.Amazon上购买仪器，读取数据 4.搜索数据的意义，并查看解决方案 5.去专业服务商处理问题，他们的解决方案不求最佳只求最贵（e. g.你手机屏幕有裂痕，但能正常使 ... 全文",Irrelevant
Microsoft,#微软# 全新 Chromium 版 Edge 浏览器 —新增隐私工具保护信息安全 —轻松更改内容和页面布局 —你可以创建希望在 Edge 中使用的语言列表并切换任何语言 —通过添加扩展实现 Edge 的更多功能 —可在 Mac、Android、iOS 和 Windows 等多种设备上安装并同步新版 Edge →_→ Microsoft大爆炸的微博视频,Irrelevant
Apple,每日数码圈缺德笑话 各大手机厂商眼中的友商 #华为# #苹果# #小米# #三星#,Irrelevant
Microsoft,#失灵# 表格民工看这里 excel突然崩溃，电脑死机怎么办？到excel选项里把自动保存时间改成1分钟，自动保存的默认文件夹是C:\Users\你电脑的名字\AppData\Roaming\Microsoft\Excel\  （Win系统） 再也不怕电脑失灵啦！,Irrelevant
Microsoft,#RA daily# UWP的应用说实话还是很优雅的 推荐一下精挑细选的4个提升效率工作相关的 One Calendar/Listen1/Microsoft to do/Simplenote Have a nice weekend~,Irrelevant
Facebook,你别搞hs我也别搞hs我们无性繁殖好啦！ 用不了油管用不了ig推脸书用不了p站n站用不了凹3咱们一起做wall内人吧！,Irrelevant
Microsoft,微软更新了 Office 移动应用，将生产力工具 Word、Excel 和 PowerPoint 整合到了一款新的应用之中，并直接以 Microsoft Office 命名，在登录 Office 365 账号之后，还可以直接打开 Onedrive 里保存的文档。视频很赞 网页链接 小众软件的微博视频,Positive
Microsoft,愈发觉得Microsoft在自家软件大刀阔斧的变革就是在专业功底基础上的力求极致易用，?? @微软Office,Positive
Microsoft,Microsoft edge 新版用几天了，发现有时候会整个黑屏哎,Irrelevant
Amazon,海东是真的帅，每次看都会被海东帅到 然后Amazon也是真的帅！ 我看假面骑士很大程度是为了看帅哥 另外一部分是看装备，身上装备的decade是真的帅！每次变身红色往身上填充的时候，超级舒服！ 以及，士才是最嘴炮的那个 可惜这部实在太短了不够看,Irrelevant
Apple,OPPO Watch 小米 Watch Apple Watch 我脸盲了,Irrelevant
Amazon,把Amazon Smile定向到了AO3,Neutral
Microsoft,我做的不是ppt 是高级的microsoft powerpoint,Irrelevant
Facebook,真神烦这个人次次打擦边球，要点骨气吧！有本事去ins 或者脸书上发一条：香港是中国的。大家就都闭麦啦！臭,Irrelevant
Amazon,Amazon是想提醒我Prime要到期了吗??,Irrelevant
Facebook,正泰超话 ?? 正泰cp超话 ??HTH?? 【回忆系列之那年今日】 140217 官方脸书更新：,Irrelevant
Microsoft,#iOS 14# 据报道，苹果很可能会在iOS 14中允许用户为网页浏览器或电子邮件设置自己偏好的默认应用程序，包括谷歌的Gmail和Chrome等应用程序，但苹果自己的邮件和Safari依然是是打开电子邮件链接或URL的默认应用程序。 也就是说，有了将Microsoft Outlook的Chrome设置为默认应用程序的能力，用户就可 ... 全文,Irrelevant
Facebook,#斯洛伐克总理发热呼吸道感染住院# 路透社援引斯洛伐克总理办公室声明称：该国总理佩列格里尼因呼吸道感染并发高烧住院，同时取消了原定23日参与的电视辩论行程（背景：斯洛伐克本月29日即将举行议会选举，之前根据调查，佩列格里尼所代表的政党在选举中处在不利的位置）。 佩列格里尼本人在脸书上更新 ... 全文,Irrelevant
Microsoft,"提供由Microsoft，Win10... 坏的土地, USA. 阿拉斯加海獭-最厚的皮毛. 中国长城司马台. Ei??i，法罗群岛. 坦桑尼亚, 豹-最小的大猫. 河 Thjorsa, 冰岛 - 淡水和盐水之间的黑沙。",Irrelevant
Apple,iPhoneX 256G有必要换苹果11吗？ 我手里的X昨天后玻璃碎了一点 不想去修了 修了就不是全原装机了，又没有用过的给个建议呀 我买的时候七千多 现在苹果11好便宜才6000多 感觉比上一代便宜太多了 有点慌啊 pro摄像头太丑了属实不喜欢 现在只考虑买Xs金色或者换11 #苹果#,Irrelevant
Amazon,"Over the past decade, thousands of patents have been granted for what are called business methods. Amazon.com received one for its &quot;one-click&quot; online payment system. Merrill Lynch got legal protection for an asset allocation strategy. One inventor patented a technique for lifting ... 全文",Irrelevant
Amazon,Ugh It's Joe - 20200224 WEIRD AMAZON PRODUCTS YOU MUST SEE!! - VlogSquadUpdates的微博视频,Irrelevant
Apple,OPPO即将推出的智能手表采用曲面屏+3D玻璃，从第一张图来看ID设计确实比Apple Watch好看！ 除了设计，值得期待的还有内置系统能达到什么层次，值得期待OPPO能在这款手表的系统方面下多大的功夫。 Apple Watch作为目前公认最均衡的智能手表在我看如果喜欢运动用来检测数据很有用，当然很多数码爱好者 ... 全文,Irrelevant
Facebook,金泰亨超话 终于找到了Twitter 油管 ins 安卓ios instagram 安装包 注册 教程v屁皮n vpm很不错 超级好用的安卓iOS梯子 UNINE 金泰亨 李振宁 边伯贤exo 贾斯汀比伯 易烊千玺 水晶男孩 脸书 推特 真的超级简单以后每天都可以追蔡徐坤、陈立农、范丞丞、Justin黄明昊、林彦俊、朱正廷、王子异、小鬼王 ... 全文,Irrelevant
Apple,想问一下，iPad突然充不进电是什么原因呢？我的是2019款的ipad air3，回家第一次冲电，结果充了一下午，动都没动。 查了一下，有人说是温度太低可能会导致充不了电，家里确实很冷，但是也不至于吧 不知道有没有其他人遇到这种情况 @苹果iPhone中文网 @苹果汇 #ipad2019# #苹果# #苹果宣布2019款ipad降价 ... 全文,Negative
Apple,#苹果# #Apple# 申请个美区ID，千辛万苦到这里卡住，付款方式怎么弄啊？,Neutral
Apple,我一直不敢讲 虽然我坚持用Apple Music白嫖bts歌两年多了 但是我人脸依然只认识njgg和南韩三小只。 今天大学好友一个套姐又突然突击检查，我只能束手就擒被她骂了个半死。下次学校回乐清她肯定柳市就下了，不陪我到乐清车站了,Positive
Facebook,十几年前没买房后悔？专家揭台湾人陷慢速破产 华夏经纬网   2020-02-26 11:09:55 字号:小 大 点击看大图 华夏经纬网2月26日讯：据台湾《中时电子报》报道，房价问题在台湾一直无解，加上低利率环境资金摆在银行只会不断贬值，景文科技大学财务金融系副教授章定煊就在脸书表示，很多人讲十几年 ... 全文,Irrelevant
Microsoft,深夜做完产品方案 逛油管时竟看到Microsoft还有Samsung处理同场景的产品 在没看他们任何产品之前，关于这个大场景的思考竟然惊人的一致。 然后看到了他们的局限性、缺点和优势。 除了Apple让我觉得难以望其项背，其他的大厂，就那样了。,Neutral
Apple,#苹果# iphone成为“年度跳水王”，一夜跌至3000元，果粉已哭晕在厕所！ 科技君的眼镜的微博视频,Irrelevant
Microsoft,由Microsoft Win10提供... 纳米比亚，西伯利亚呐虎，洛杉矶，苏格兰，猎豹，苏塞克斯，加那利群岛，喀尔巴阡,Neutral
Apple,大家都把苹果想得太好了吧！我朋友以为买手机会送airpods和无线充电，我哥以为apple pencil是买ipad就会送的，苹果这种手机都要出个保险服务的公司是不会让大家占便宜的！,Neutral
Amazon,霍尼韦尔将推出量子计算机；通用电气称一季度现金流将受冠状病毒影响减少5亿美元；亚马逊将提供配送速度更快的当日达服务；WeWork将旗下Managed by Q卖给Eden...... 风云海外动态 | 霍尼韦尔将推出量子计算机,Irrelevant
Facebook,微博真是好大一片滋生畸形人际关系、仇恨与对立、无脑人斗殴犯罪的土壤，妖魔鬼怪在这里都找到归宿，很多人叫它渣浪，咒骂它的言论生态，但是却也找不到一个能代替它的平台。我有时想，要是没有微博，可能就没有这些破事了。但是脸书推特上也有种族歧视，也有沙文主义，也有仇男厌女的人。就算没有网络 ... 全文,Irrelevant
Amazon,男票帮我在amazon下单的mulan小说到了 硬皮 因为软皮的也买了 但是花了 amazon又寄多一本,Irrelevant
Apple,最近我也是在研究，如何在不通过MacBook或是iTunes，来做iPhone的ringtone（铃声）。 也终于让我做到了！今天就分享给大家，希望对你有帮助。 #Apple# #苹果# #果粉# #数码# #sernhao# #sernhaotv# #马来西亚# #iPhone铃声# #iPhone铃声设置# SernHao的微博视频,Irrelevant
Microsoft,啊啊啊啊要疯了计算机二级杀了我吧 又是跟电脑相爱相杀的一天 或许大家谁有Microsoft Word/Excel/PPT的2010版本 又或者大家谁知道Microsoft 已激活的产品密钥在哪找????????????????,Negative
Facebook,别的我不知道，微博的瓜看的差不多了?大批xz粉丝，维护偶像可以理解。。为什么去推特脸书外网平台带节奏，大致的意思:国内言论不自由，歧视同性，迫害xz，不是你们举报ao3连带晋江也倒霉怎么去了外网就变成中国歧视同性了，PG One的事没有教训的么，还这样，真的你们这么做非但帮不了你们偶像。还容易 ... 全文,Irrelevant
Facebook,繁星相宋超话 刷个臉書 ??了,Irrelevant
Microsoft,FAAAM五家科技巨头过去一年涨幅50%以上，市值5.6万亿美元，是标普500市值的1/5；2018年以来隐私立法、天价罚款，只能伤到它一根毫毛；最大的竞争者软银支持的独角兽甚至不足为患；原因是什么？未来还有多少空间？ F：facebook；A：Apple Amazon Alphabet；M：Microsoft,Irrelevant
Microsoft,不光是github 连docs.microsoft.com也被墙了 代码不抄哪来生产力,Neutral
Apple,作为美国苹果公司联合创办人，乔布斯在全球拥有众多崇拜者。如果你问他的崇拜者，乔布斯为什么能够成功？他们会异口同声地告诉你：“是创新！” 乔布斯喜欢打破游戏规则，从不拘束在条条框框之内，虽然有时他的合作伙伴对他的标新立异的做法感到无奈，但也不得不承认他正是由此为公司创造了无数财 ... 全文,Very Positive
Apple,Mrs. GREEN APPLE《In The Morning》 In The Morning （ @网易云音乐 ）,Irrelevant
Facebook,台湾省病人在医院隔离还开直播，32例女看护染武汉肺炎　脸书直播曝隔离医院，嗯现在医疗费要自己出。 在医院开直播有什么见不得人的吗？怕世界第一的医疗技术给人看见。 网页链接,Irrelevant
Microsoft,苹果的键盘不耐c，换了Microsoft的人体工学键盘，别说，这玩意儿还真好用！,Positive
Microsoft,Microsoft store 总是闪退 于是我就怒而重装 虽然装的烦躁 但是东西都井然有序 现在莫名的爽 烟台,Negative
